id,epoch,dir,entry,exit,pnl,hold,reason,votes,ns,confDir
1,1787578260,LONG,99.6561,99.5931,-0.0632,1,SL,202,23.741,HOLD
2,1787578560,LONG,99.8137,99.95891,0.1455,4,TP,194,29.206,HOLD
3,1787578860,LONG,99.9371,99.87074,-0.0664,1,SL,224,39.283,HOLD
4,1787579160,LONG,100.0106,99.93808,-0.0725,2,SL,206,8.011,HOLD
5,1787579460,SHORT,99.8401,99.90481,-0.0648,1,SL,202,-17.329,HOLD
6,1787579760,SHORT,99.8409,99.89887,-0.0581,1,SL,189,-2.143,HOLD
7,1787580060,LONG,100.1246,100.06431,-0.0602,1,SL,188,23.816,HOLD
8,1787580360,SHORT,99.8498,99.8498,0,0,HORIZON,204,-21.646,HOLD
9,1787580660,SHORT,99.7408,99.79482,-0.0542,2,SL,202,-27.605,HOLD
10,1787580960,LONG,99.9651,99.91114,-0.054,2,SL,211,16.06,HOLD
11,1787581260,SHORT,99.5791,99.64162,-0.0628,3,SL,203,-10.776,HOLD
12,1787581560,SHORT,99.6471,99.70719,-0.0603,2,SL,191,-4.443,HOLD
13,1787581860,LONG,99.7649,99.71143,-0.0536,1,SL,191,18.335,HOLD
14,1787582160,LONG,99.9361,99.88472,-0.0514,3,SL,198,32.744,HOLD
15,1787582460,LONG,99.8361,99.78285,-0.0533,1,SL,190,5.976,HOLD
16,1787582760,LONG,99.8094,99.74688,-0.0626,1,SL,184,3.91,HOLD
17,1787583060,LONG,99.8431,99.78082,-0.0624,1,SL,183,12.776,HOLD
18,1787583360,LONG,99.9132,99.85118,-0.0621,2,SL,181,23.64,HOLD
19,1787583660,SHORT,99.7769,99.83391,-0.0571,2,SL,207,-23.216,HOLD
20,1787583960,SHORT,99.7062,99.76134,-0.0553,1,SL,184,-16.322,HOLD
21,1787584260,SHORT,99.5591,99.44481,0.1148,3,TP,184,-14.844,SELL
22,1787584560,SHORT,99.3944,99.27748,0.1176,1,TP,183,-13.889,SELL
23,1787584860,SHORT,99.3802,99.4466,-0.0668,2,SL,188,-12.35,SELL
24,1787585160,SHORT,99.3114,99.18928,0.123,3,TP,186,-6.286,SELL
25,1787585460,SHORT,99.2459,99.13199,0.1148,4,TP,191,-2.11,HOLD
26,1787585760,LONG,99.265,99.20888,-0.0565,3,SL,213,21.283,BUY
27,1787586060,LONG,99.4554,99.59096,0.1363,3,TP,214,40.555,BUY
28,1787586360,LONG,99.6972,99.64084,-0.0565,1,SL,213,48.454,BUY
29,1787586660,LONG,99.6134,99.55109,-0.0626,2,SL,208,34.612,BUY
30,1787586960,LONG,99.5153,99.63753,0.1228,2,TP,207,20.577,BUY
31,1787587260,LONG,99.9479,99.8816,-0.0663,2,SL,191,28.695,HOLD
32,1787587560,SHORT,99.7107,99.7764,-0.0659,3,SL,195,-0.765,HOLD
33,1787587860,SHORT,99.6052,99.66886,-0.0639,1,SL,200,-20.031,SELL
34,1787588160,LONG,99.6181,99.55774,-0.0606,1,SL,200,1.996,HOLD
35,1787588460,LONG,99.7557,99.69158,-0.0643,2,SL,191,21.686,BUY
36,1787588760,LONG,99.876,100.00672,0.1309,1,TP,188,21.883,BUY
37,1787589060,LONG,99.9786,99.91806,-0.0606,1,SL,191,16.817,HOLD
38,1787589360,LONG,100.0176,99.95186,-0.0657,1,SL,199,3.214,HOLD
39,1787589660,SHORT,99.9541,100.00989,-0.0558,2,SL,211,-14.149,HOLD
40,1787589960,LONG,100.0009,100.0009,0,0,HORIZON,213,3.81,HOLD
41,1787590260,LONG,100.0071,100.10563,0.0985,1,TP,179,2.441,HOLD
42,1787590560,LONG,99.933,100.07221,0.1393,5,TP,200,0.269,HOLD
43,1787590860,LONG,100.0356,99.97755,-0.058,1,SL,192,10.65,HOLD
44,1787591160,LONG,100.1048,100.24209,0.1371,5,TP,185,10.69,HOLD
45,1787591460,LONG,100.3303,100.3303,0,0,HORIZON,194,26.92,HOLD
46,1787591760,LONG,100.3078,100.24559,-0.062,2,SL,195,1.318,HOLD
47,1787592060,SHORT,99.9058,99.9701,-0.0644,2,SL,196,-28.873,SELL
48,1787592360,SHORT,99.9494,99.82,0.1295,1,TP,197,-14.662,SELL
49,1787592660,SHORT,99.6218,99.68307,-0.0615,1,SL,184,-17.022,SELL
50,1787592960,SHORT,99.7507,99.81069,-0.0601,4,SL,198,-1.01,HOLD
51,1787593260,LONG,99.7872,99.90054,0.1136,3,TP,202,9.533,BUY
52,1787593560,LONG,99.833,99.833,0,0,HORIZON,180,5.118,BUY
53,1787593860,LONG,99.8734,99.99971,0.1265,3,TP,180,12.235,BUY
54,1787594160,LONG,99.9993,100.12603,0.1267,5,TP,193,12.144,BUY
55,1787594460,LONG,100.1174,100.06113,-0.0562,1,SL,198,7.611,HOLD
56,1787594760,SHORT,99.8214,99.88061,-0.0593,3,SL,209,-26.546,SELL
57,1787595060,LONG,100.0072,99.95021,-0.057,1,SL,200,8.239,BUY
58,1787595360,SHORT,99.5819,99.64339,-0.0617,5,SL,191,-11.407,SELL
59,1787595660,SHORT,99.661,99.71733,-0.0565,1,SL,194,-2.526,HOLD
60,1787595960,SHORT,99.5714,99.63986,-0.0688,3,SL,181,-4.602,SELL
61,1787596260,LONG,99.7768,99.71479,-0.0621,4,SL,214,34.998,BUY
62,1787596560,LONG,99.7576,99.70064,-0.0571,1,SL,213,18.964,BUY
63,1787596860,SHORT,99.7203,99.77456,-0.0544,3,SL,189,-11.677,SELL
64,1787597160,SHORT,99.6514,99.70156,-0.0503,2,SL,212,-34.097,SELL
65,1787597460,SHORT,99.7141,99.60242,0.112,1,TP,208,-5.993,SELL
66,1787597760,SHORT,99.4064,99.46667,-0.0606,1,SL,195,-2.945,HOLD
67,1787598060,SHORT,99.3887,99.44223,-0.0539,1,SL,192,-4.026,HOLD
68,1787598360,LONG,99.5486,99.67839,0.1304,3,TP,206,27.11,BUY
69,1787598660,LONG,99.5786,99.52069,-0.0582,1,SL,200,29.483,BUY
70,1787598960,LONG,99.7589,99.70009,-0.0589,1,SL,191,21.459,BUY
71,1787599260,LONG,99.8856,100.0135,0.128,2,TP,199,13.98,BUY
72,1787599560,LONG,99.9528,99.89616,-0.0567,1,SL,189,9.085,BUY
73,1787599860,SHORT,99.6279,99.68491,-0.0572,1,SL,191,-15.84,SELL
74,1787600160,LONG,99.8218,99.95508,0.1335,4,TP,188,11.232,BUY
75,1787600460,LONG,100.0973,100.03313,-0.0641,1,SL,197,15.654,HOLD
76,1787600760,LONG,100.191,100.12844,-0.0624,3,SL,193,12.998,HOLD
77,1787601060,SHORT,100.1561,100.21667,-0.0605,1,SL,191,-0.921,HOLD
78,1787601360,LONG,100.2682,100.21134,-0.0567,1,SL,197,13.18,HOLD
79,1787601660,SHORT,100.1087,100.167,-0.0582,5,SL,225,-36.358,SELL
80,1787601960,SHORT,100.1503,100.20059,-0.0502,1,SL,214,-19.247,HOLD
81,1787602260,SHORT,100.04,100.09894,-0.0589,1,SL,217,-37.684,SELL
82,1787602560,LONG,100.3652,100.30734,-0.0577,3,SL,228,9.757,HOLD
83,1787602860,LONG,100.4107,100.52173,0.1106,4,TP,211,19.996,HOLD
84,1787603160,LONG,100.4786,100.42289,-0.0554,5,SL,214,26.135,HOLD
85,1787603460,LONG,100.3586,100.47494,0.1159,3,TP,215,7.93,HOLD
86,1787603760,LONG,100.573,100.51527,-0.0574,1,SL,187,19.666,HOLD
87,1787604060,LONG,100.6274,100.56667,-0.0603,1,SL,199,5.833,HOLD
88,1787604360,SHORT,100.5598,100.42956,0.1295,1,TP,203,-9.125,HOLD
89,1787604660,SHORT,100.4052,100.46517,-0.0597,1,SL,199,-1.064,HOLD
90,1787604960,LONG,100.6134,100.74543,0.1312,3,TP,194,23.681,HOLD
91,1787605260,LONG,101.0448,101.1949,0.1485,4,TP,203,35.394,HOLD
92,1787605560,LONG,101.381,101.53772,0.1546,4,TP,204,40.405,HOLD
93,1787605860,LONG,101.5095,101.5095,0,0,HORIZON,209,33.804,HOLD
94,1787606160,LONG,101.4733,101.4733,0,0,HORIZON,209,13.165,HOLD
95,1787606460,LONG,101.5198,101.64811,0.1264,3,TP,198,7.092,HOLD
96,1787606760,LONG,101.5094,101.64219,0.1308,2,TP,185,8.157,HOLD
97,1787607060,SHORT,101.4722,101.34477,0.1256,2,TP,185,-2.907,HOLD
98,1787607360,LONG,101.4433,101.57374,0.1286,4,TP,183,2.851,HOLD
99,1787607660,LONG,101.4236,101.36397,-0.0588,1,SL,188,10.501,HOLD
100,1787607960,LONG,101.4889,101.61696,0.1262,3,TP,195,22.656,HOLD
101,1787608260,LONG,101.7282,101.7282,0,0,HORIZON,214,44.309,HOLD
102,1787608560,LONG,101.7473,101.85971,0.1105,4,TP,217,30.005,HOLD
103,1787608860,LONG,101.7937,101.74671,-0.0462,2,SL,200,6.443,HOLD
104,1787609160,LONG,101.7146,101.65739,-0.0562,1,SL,202,18.768,HOLD
105,1787609460,SHORT,101.6744,101.5581,0.1144,4,TP,196,-12.784,HOLD
106,1787609760,SHORT,101.5277,101.4167,0.1093,2,TP,188,-12.6,HOLD
107,1787610060,SHORT,101.2064,101.26038,-0.0533,2,SL,194,-16.494,HOLD
108,1787610360,SHORT,101.1754,101.22491,-0.0489,1,SL,189,-14.049,HOLD
109,1787610660,LONG,101.2658,101.21019,-0.0549,2,SL,200,10.37,HOLD
110,1787610960,SHORT,101.1453,101.19944,-0.0535,1,SL,207,-9.143,HOLD
111,1787611260,LONG,101.2298,101.17671,-0.0524,1,SL,209,17.833,HOLD
112,1787611560,LONG,101.1221,101.06424,-0.0572,2,SL,214,12.688,HOLD
113,1787611860,SHORT,100.9906,101.04697,-0.0558,1,SL,209,-3.041,HOLD
114,1787612160,LONG,101.1609,101.10038,-0.0598,1,SL,213,23.622,HOLD
115,1787612460,LONG,101.2962,101.23656,-0.0589,4,SL,201,25.294,HOLD
116,1787612760,SHORT,101.1385,101.19757,-0.0584,1,SL,197,-3.333,HOLD
117,1787613060,LONG,101.2302,101.16733,-0.0621,4,SL,187,9.663,HOLD
118,1787613360,SHORT,101.1614,101.21257,-0.0506,1,SL,181,-8.31,HOLD
119,1787613660,SHORT,101.1432,101.19752,-0.0537,1,SL,180,-14.076,HOLD
120,1787613960,SHORT,101.108,101.16688,-0.0582,1,SL,180,-13.34,SELL
121,1787614260,SHORT,101.1061,101.16027,-0.0536,1,SL,186,-5.089,SELL
122,1787614560,SHORT,101.1312,101.18771,-0.0559,4,SL,194,-22.147,SELL
123,1787614860,SHORT,101.1647,101.22253,-0.0572,2,SL,193,-1.977,HOLD
124,1787615160,LONG,101.3574,101.3574,0,0,HORIZON,200,18.804,HOLD
125,1787615460,LONG,101.3403,101.28074,-0.0588,2,SL,192,1.046,HOLD
126,1787615760,SHORT,101.18,101.23098,-0.0504,4,SL,192,-20.782,SELL
127,1787616060,SHORT,101.1496,101.04653,0.1019,2,TP,195,-29.066,SELL
128,1787616360,SHORT,101.0765,101.13083,-0.0537,1,SL,181,-15.117,SELL
129,1787616660,LONG,101.1073,101.05654,-0.0502,1,SL,187,2.446,HOLD
130,1787616960,SHORT,100.8794,100.93261,-0.0527,4,SL,197,-13.398,SELL
131,1787617260,SHORT,100.9443,100.99846,-0.0537,1,SL,193,-1.383,HOLD
132,1787617560,LONG,101.2388,101.36427,0.1239,4,TP,195,23.627,BUY
133,1787617860,LONG,101.4869,101.42153,-0.0644,3,SL,196,31.002,HOLD
134,1787618160,LONG,101.5004,101.43541,-0.064,1,SL,213,33.206,HOLD
135,1787618460,SHORT,101.1366,101.20279,-0.0654,1,SL,187,-7.364,SELL
136,1787618760,SHORT,101.1594,101.2181,-0.058,1,SL,190,-3.11,HOLD
137,1787619060,SHORT,100.823,100.88245,-0.059,1,SL,184,-17.829,HOLD
138,1787619360,SHORT,100.9347,100.81873,0.1149,3,TP,187,-4.481,HOLD
139,1787619660,SHORT,100.9176,100.97243,-0.0543,3,SL,184,-12.475,HOLD
140,1787619960,LONG,100.9668,100.90704,-0.0592,1,SL,180,4.847,BUY
141,1787620260,LONG,100.9706,100.91723,-0.0529,1,SL,186,0.92,HOLD
142,1787620560,SHORT,100.6708,100.72166,-0.0505,2,SL,187,-19.548,HOLD
143,1787620860,LONG,100.8474,100.96442,0.116,4,TP,189,13.433,HOLD
144,1787621160,LONG,100.9763,100.92143,-0.0543,1,SL,184,15.65,HOLD
145,1787621460,SHORT,100.8155,100.87403,-0.0581,5,SL,188,-18.037,HOLD
146,1787621760,LONG,100.9479,101.07171,0.1227,1,TP,207,21.985,HOLD
147,1787622060,LONG,101.0031,100.94075,-0.0617,3,SL,185,8.643,BUY
148,1787622360,SHORT,100.9802,100.8493,0.1296,1,TP,188,-2.019,HOLD
149,1787622660,SHORT,100.6629,100.72426,-0.061,1,SL,185,-19.148,HOLD
150,1787622960,SHORT,100.6786,100.7328,-0.0538,2,SL,194,-4.692,HOLD
151,1787623260,LONG,100.8049,100.74525,-0.0592,2,SL,178,2.301,HOLD
152,1787623560,SHORT,100.6151,100.6725,-0.0571,2,SL,201,-29.524,HOLD
153,1787623860,LONG,100.8059,100.92929,0.1224,3,TP,204,10.518,HOLD
154,1787624160,LONG,101.0505,100.99362,-0.0563,5,SL,210,23.847,BUY
155,1787624460,LONG,101.0255,100.97127,-0.0537,2,SL,201,17.124,BUY
156,1787624760,LONG,101.0768,101.02289,-0.0533,1,SL,187,18.223,BUY
157,1787625060,SHORT,100.9078,100.96133,-0.053,1,SL,186,-11.009,SELL
158,1787625360,LONG,101.0921,101.03778,-0.0537,2,SL,197,30.177,BUY
159,1787625660,LONG,101.2672,101.19747,-0.0689,3,SL,207,7.319,HOLD
160,1787625960,SHORT,101.0781,101.14295,-0.0642,1,SL,189,-6.163,SELL
161,1787626260,LONG,101.4271,101.35488,-0.0712,1,SL,207,17.451,HOLD
162,1787626560,SHORT,101.3042,101.36479,-0.0598,1,SL,202,-0.422,HOLD
163,1787626860,LONG,101.3387,101.28017,-0.0578,1,SL,185,18.733,HOLD
164,1787627160,LONG,101.2576,101.20031,-0.0566,1,SL,192,11.983,BUY
165,1787627460,LONG,101.3483,101.29053,-0.057,1,SL,195,27.721,HOLD
166,1787627760,SHORT,101.2495,101.13075,0.1173,1,TP,193,-2.709,HOLD
167,1787628060,SHORT,100.9896,100.85961,0.1287,2,TP,198,-22.135,SELL
168,1787628360,SHORT,100.6539,100.71499,-0.0607,1,SL,207,-28.328,HOLD
169,1787628660,SHORT,100.5603,100.61571,-0.0551,1,SL,208,-25.96,HOLD
170,1787628960,SHORT,100.5443,100.59891,-0.0543,1,SL,213,-21.624,HOLD
171,1787629260,SHORT,100.7122,100.58152,0.1298,3,TP,228,-9.011,HOLD
172,1787629560,LONG,100.7431,100.68316,-0.0595,2,SL,205,18.36,HOLD
173,1787629860,SHORT,100.5503,100.60394,-0.0533,1,SL,206,-28.441,HOLD
174,1787630160,LONG,100.6264,100.56172,-0.0643,1,SL,200,5.78,HOLD
175,1787630460,SHORT,100.3406,100.18411,0.156,3,TP,217,-10.425,HOLD
176,1787630760,SHORT,100.396,100.25336,0.1421,3,TP,211,-3.027,HOLD
177,1787631060,SHORT,100.3036,100.3713,-0.0675,1,SL,192,-4.764,HOLD
178,1787631360,SHORT,100.1775,100.24193,-0.0643,3,SL,208,-8.906,HOLD
179,1787631660,LONG,100.1276,100.06995,-0.0576,1,SL,208,0.377,HOLD
180,1787631960,LONG,99.934,100.0592,0.1253,5,TP,212,3.349,HOLD
181,1787632260,LONG,100.0748,100.02538,-0.0494,2,SL,192,10.861,HOLD
182,1787632560,SHORT,99.9318,99.98586,-0.0541,1,SL,203,-2.758,HOLD
183,1787632860,LONG,100.0803,100.01826,-0.062,2,SL,207,29.199,HOLD
184,1787633160,LONG,100.0813,100.02627,-0.055,5,SL,198,15.279,HOLD
185,1787633460,SHORT,100.0398,100.0899,-0.0501,2,SL,192,-10.391,HOLD
186,1787633760,SHORT,99.946,100.00092,-0.0549,1,SL,200,-26.26,HOLD
187,1787634060,SHORT,99.8336,99.8336,0,0,HORIZON,201,-23.633,HOLD
188,1787634360,SHORT,99.7451,99.79198,-0.047,3,SL,202,-25.941,HOLD
189,1787634660,LONG,99.9247,99.87914,-0.0456,2,SL,207,13.913,HOLD
190,1787634960,LONG,100.0886,100.19268,0.104,2,TP,204,26.341,HOLD
191,1787635260,LONG,100.1861,100.12913,-0.0569,1,SL,201,20.017,HOLD
192,1787635560,LONG,100.0964,100.22427,0.1277,1,TP,206,14.66,HOLD
193,1787635860,LONG,100.31,100.24828,-0.0615,1,SL,192,15.06,HOLD
194,1787636160,LONG,100.2882,100.22176,-0.0662,2,SL,211,15.031,HOLD
195,1787636460,SHORT,100.0682,99.9413,0.1268,1,TP,199,-4.271,HOLD
196,1787636760,SHORT,99.7309,99.79474,-0.064,2,SL,194,-6.713,HOLD
197,1787637060,SHORT,99.7312,99.58498,0.1466,5,TP,195,-1.295,HOLD
198,1787637360,SHORT,99.5072,99.57064,-0.0638,2,SL,200,-12.752,HOLD
199,1787637660,SHORT,99.4347,99.49943,-0.0651,2,SL,194,-14.873,HOLD
200,1787637960,LONG,99.573,99.69578,0.1233,3,TP,211,20.118,HOLD
201,1787638260,LONG,99.8692,99.99866,0.1296,4,TP,210,37.716,HOLD
202,1787638560,LONG,99.8287,99.77344,-0.0554,3,SL,208,24.608,HOLD
203,1787638860,SHORT,99.5663,99.43261,0.1343,5,TP,208,-2.297,HOLD
204,1787639160,SHORT,99.4255,99.47574,-0.0505,2,SL,196,-14.397,HOLD
205,1787639460,LONG,99.6181,99.73081,0.1131,2,TP,207,31.498,HOLD
206,1787639760,LONG,99.7711,99.7195,-0.0517,3,SL,204,32.375,HOLD
207,1787640060,LONG,99.6435,99.76464,0.1216,2,TP,213,6.723,HOLD
208,1787640360,SHORT,99.8034,99.66328,0.1404,3,TP,210,-3.43,HOLD
209,1787640660,SHORT,99.5678,99.64519,-0.0777,1,SL,202,-28.034,HOLD
210,1787640960,SHORT,99.5216,99.5216,0,0,HORIZON,211,-16.564,HOLD
211,1787641260,SHORT,99.4962,99.36123,0.1356,3,TP,185,-7.814,HOLD
212,1787641560,LONG,99.6086,99.54061,-0.0683,2,SL,209,21.633,HOLD
213,1787641860,LONG,99.8655,99.79653,-0.0691,1,SL,206,32.459,BUY
214,1787642160,LONG,99.6534,99.58527,-0.0684,2,SL,205,13.295,HOLD
215,1787642460,LONG,99.7557,99.88977,0.1344,2,TP,182,15.084,HOLD
216,1787642760,SHORT,99.7654,99.62955,0.1362,3,TP,193,-2.318,HOLD
217,1787643060,SHORT,99.5334,99.59181,-0.0587,2,SL,218,-42.56,HOLD
218,1787643360,SHORT,99.5809,99.63128,-0.0506,1,SL,215,-22.145,HOLD
219,1787643660,LONG,99.6764,99.62326,-0.0533,2,SL,182,11.701,HOLD
220,1787643960,SHORT,99.5285,99.39519,0.1339,3,TP,191,-5.793,HOLD
221,1787644260,SHORT,99.5228,99.58054,-0.058,2,SL,190,-2.048,HOLD
222,1787644560,LONG,99.6803,99.62368,-0.0568,2,SL,200,24.895,BUY
223,1787644860,SHORT,99.5524,99.43412,0.1188,1,TP,204,-12.858,HOLD
224,1787645160,LONG,99.6726,99.61195,-0.0609,1,SL,188,14.376,BUY
225,1787645460,SHORT,99.455,99.455,0,0,HORIZON,184,-19.05,HOLD
226,1787645760,LONG,99.4024,99.34173,-0.061,2,SL,201,2.273,HOLD
227,1787646060,SHORT,99.3064,99.36351,-0.0575,2,SL,194,-4.724,HOLD
228,1787646360,LONG,99.5094,99.4547,-0.055,2,SL,196,18.711,HOLD
229,1787646660,SHORT,99.383,99.43981,-0.0572,1,SL,181,-8.483,HOLD
230,1787646960,SHORT,99.3972,99.26543,0.1326,2,TP,184,-6.557,HOLD
231,1787647260,SHORT,99.227,99.07575,0.1524,3,TP,205,-7.603,HOLD
232,1787647560,LONG,99.1532,99.28121,0.1291,3,TP,203,0.753,HOLD
233,1787647860,LONG,99.3736,99.31263,-0.0614,4,SL,201,18.917,HOLD
234,1787648160,SHORT,99.2222,99.10602,0.1171,5,TP,203,-7.451,HOLD
235,1787648460,SHORT,99.068,99.12404,-0.0566,1,SL,210,-19.196,HOLD
236,1787648760,SHORT,99.1075,99.1719,-0.065,1,SL,209,-4.26,HOLD
237,1787649060,LONG,99.1852,99.12258,-0.0631,2,SL,193,10.591,HOLD
238,1787649360,SHORT,99.204,99.26054,-0.057,1,SL,207,-11.717,HOLD
239,1787649660,LONG,99.5366,99.66295,0.1269,4,TP,199,5.325,HOLD
240,1787649960,LONG,99.5019,99.44271,-0.0595,1,SL,202,1.929,HOLD
241,1787650260,SHORT,99.1913,99.1913,0,0,HORIZON,191,-17.919,HOLD
242,1787650560,SHORT,99.1903,99.24928,-0.0595,2,SL,195,-18.158,HOLD
243,1787650860,LONG,99.2735,99.2163,-0.0576,4,SL,212,23.708,HOLD
244,1787651160,SHORT,99.1512,99.04268,0.1094,1,TP,185,-18.291,HOLD
245,1787651460,SHORT,99.0687,99.1349,-0.0668,3,SL,188,-22.894,HOLD
246,1787651760,LONG,99.5291,99.45303,-0.0764,2,SL,207,38.019,BUY
247,1787652060,LONG,99.6269,99.55477,-0.0724,3,SL,205,33.091,BUY
248,1787652360,LONG,99.4867,99.4867,0,0,HORIZON,209,20.888,BUY
249,1787652660,LONG,99.5716,99.51629,-0.0555,1,SL,205,20.559,BUY
250,1787652960,SHORT,99.3578,99.42036,-0.063,1,SL,182,-7.755,SELL
251,1787653260,LONG,99.5679,99.69344,0.1261,4,TP,196,27.808,BUY
252,1787653560,LONG,99.7888,99.73213,-0.0568,1,SL,203,32.24,HOLD
253,1787653860,LONG,99.9793,100.09835,0.1191,2,TP,206,37.551,HOLD
254,1787654160,LONG,100.1088,100.05029,-0.0585,1,SL,205,35.881,HOLD
255,1787654460,LONG,100.1687,100.2968,0.1279,2,TP,202,7.507,HOLD
256,1787654760,LONG,100.4124,100.53484,0.1219,2,TP,209,4.082,HOLD
257,1787655060,LONG,100.6408,100.77861,0.1369,3,TP,193,18.361,HOLD
258,1787655360,LONG,100.9639,100.90141,-0.0619,1,SL,198,22.185,HOLD
259,1787655660,LONG,100.9666,100.90613,-0.0599,1,SL,201,2.007,HOLD
260,1787655960,SHORT,100.9265,100.98496,-0.0579,1,SL,207,-8.93,HOLD
261,1787656260,SHORT,101.0074,101.07092,-0.0629,2,SL,206,-1.393,HOLD
262,1787656560,LONG,101.108,101.24321,0.1337,1,TP,185,22.418,HOLD
263,1787656860,LONG,101.3605,101.30277,-0.057,2,SL,189,25.567,HOLD
264,1787657160,SHORT,101.2528,101.31339,-0.0598,3,SL,201,-0.966,HOLD
265,1787657460,LONG,101.3311,101.274,-0.0564,1,SL,204,0.091,HOLD
266,1787657760,SHORT,101.196,101.24941,-0.0528,2,SL,183,-9.788,HOLD
267,1787658060,LONG,101.2582,101.19883,-0.0586,1,SL,179,4.625,HOLD
268,1787658360,LONG,101.3724,101.3724,0,0,HORIZON,198,24.511,HOLD
269,1787658660,LONG,101.4345,101.37495,-0.0587,1,SL,208,13.89,HOLD
270,1787658960,SHORT,101.1879,101.1879,0,0,HORIZON,182,-15.653,HOLD
271,1787659260,SHORT,101.176,101.22936,-0.0527,1,SL,181,-10.583,HOLD
272,1787659560,LONG,101.2182,101.1648,-0.0528,1,SL,195,11.334,HOLD
273,1787659860,SHORT,100.912,100.78393,0.1269,5,TP,209,-19.334,HOLD
274,1787660160,SHORT,100.8738,100.74773,0.125,5,TP,210,-21.354,HOLD
275,1787660460,SHORT,100.7823,100.83665,-0.0539,1,SL,190,-14.522,HOLD
276,1787660760,SHORT,100.7327,100.79128,-0.0582,2,SL,226,-32.848,HOLD
277,1787661060,LONG,100.9465,100.88642,-0.0595,1,SL,217,27.173,HOLD
278,1787661360,LONG,100.8145,100.75321,-0.0608,1,SL,210,6.557,HOLD
279,1787661660,LONG,101.007,100.9476,-0.0588,2,SL,188,16.86,HOLD
280,1787661960,SHORT,100.9276,100.9276,0,0,HORIZON,202,-3.629,HOLD
281,1787662260,SHORT,100.8184,100.87329,-0.0544,1,SL,211,-34.948,HOLD
282,1787662560,SHORT,100.7867,100.84164,-0.0545,2,SL,206,-1.373,HOLD
283,1787662860,SHORT,100.6699,100.72399,-0.0537,1,SL,203,-4.181,HOLD
284,1787663160,SHORT,100.73,100.78748,-0.0571,1,SL,188,-6.797,HOLD
285,1787663460,LONG,100.7872,100.72267,-0.064,1,SL,195,7.491,HOLD
286,1787663760,SHORT,100.7031,100.76227,-0.0588,1,SL,181,-9.627,HOLD
287,1787664060,LONG,100.9532,101.09045,0.1359,2,TP,196,3.077,HOLD
288,1787664360,LONG,101.1452,101.08699,-0.0576,3,SL,201,7.184,HOLD
289,1787664660,LONG,101.1845,101.13323,-0.0507,1,SL,202,6.58,HOLD
290,1787664960,LONG,101.2615,101.21127,-0.0496,2,SL,199,9.595,HOLD
291,1787665260,SHORT,101.084,101.13537,-0.0508,1,SL,201,-21.546,HOLD
292,1787665560,LONG,101.2962,101.2284,-0.0669,2,SL,186,22.643,HOLD
293,1787665860,LONG,101.4564,101.4564,0,0,HORIZON,188,22.441,HOLD
294,1787666160,LONG,101.4555,101.39699,-0.0577,2,SL,191,6.98,HOLD
295,1787666460,LONG,101.5522,101.49157,-0.0597,2,SL,187,18.393,HOLD
296,1787666760,SHORT,101.2832,101.15229,0.1293,2,TP,212,-37.001,HOLD
297,1787667060,SHORT,101.0965,101.15068,-0.0536,1,SL,217,-43.816,HOLD
298,1787667360,SHORT,100.9301,100.81862,0.1105,1,TP,223,-48.379,SELL
299,1787667660,SHORT,100.6917,100.56397,0.1269,2,TP,213,-41.162,SELL
300,1787667960,SHORT,100.4257,100.48246,-0.0565,1,SL,219,-38.675,HOLD
301,1787668260,SHORT,100.6554,100.72179,-0.066,1,SL,206,-11.452,SELL
302,1787668560,LONG,100.7489,100.89618,0.1462,3,TP,187,8.339,BUY
303,1787668860,LONG,100.8115,100.75271,-0.0583,1,SL,195,6.149,BUY
304,1787669160,SHORT,100.721,100.60276,0.1174,3,TP,189,-9.085,SELL
305,1787669460,SHORT,100.6702,100.72865,-0.0581,1,SL,194,-18.385,HOLD
306,1787669760,SHORT,100.5626,100.61968,-0.0568,1,SL,195,-5.313,HOLD
307,1787670060,LONG,100.7255,100.66628,-0.0588,1,SL,182,8.18,BUY
308,1787670360,SHORT,100.5946,100.65248,-0.0575,2,SL,180,-11.394,HOLD
309,1787670660,SHORT,100.3323,100.3323,0,0,HORIZON,189,-20.781,HOLD
310,1787670960,SHORT,100.2654,100.31673,-0.0512,2,SL,193,-7.742,HOLD
311,1787671260,LONG,100.3496,100.29717,-0.0523,1,SL,194,1.987,HOLD
312,1787671560,SHORT,99.9968,99.9968,0,0,HORIZON,232,-35.408,HOLD
313,1787671860,SHORT,99.8888,99.94672,-0.058,3,SL,221,-32.201,HOLD
314,1787672160,SHORT,99.9912,100.04594,-0.0547,2,SL,217,-9.946,HOLD
315,1787672460,LONG,100.1111,100.05918,-0.0519,1,SL,200,21.036,HOLD
316,1787672760,SHORT,100.0746,100.1273,-0.0527,2,SL,210,-6.409,HOLD
317,1787673060,LONG,100.1459,100.10024,-0.0456,1,SL,196,3.948,HOLD
318,1787673360,SHORT,100.032,99.91819,0.1138,1,TP,207,-23.186,HOLD
319,1787673660,SHORT,99.7894,99.84901,-0.0597,1,SL,204,-21.802,HOLD
320,1787673960,SHORT,99.6745,99.72964,-0.0553,2,SL,199,-14.885,HOLD
321,1787674260,SHORT,99.6563,99.55138,0.1053,2,TP,195,-6.069,HOLD
322,1787674560,SHORT,99.5021,99.55337,-0.0515,1,SL,198,-4.197,HOLD
323,1787674860,SHORT,99.4328,99.49084,-0.0584,1,SL,207,-3.995,HOLD
324,1787675160,LONG,99.6256,99.73828,0.1131,3,TP,186,11.237,HOLD
325,1787675460,LONG,99.6906,99.6413,-0.0495,1,SL,181,9.432,HOLD
326,1787675760,SHORT,99.5785,99.4737,0.1052,4,TP,190,-15.124,HOLD
327,1787676060,SHORT,99.4196,99.47571,-0.0564,1,SL,185,-18.601,HOLD
328,1787676360,SHORT,99.4211,99.47609,-0.0553,1,SL,192,-3.939,HOLD
329,1787676660,LONG,99.4624,99.40477,-0.0579,1,SL,213,9.038,HOLD
330,1787676960,SHORT,99.2868,99.15582,0.1319,2,TP,219,-15.113,HOLD
331,1787677260,SHORT,99.2824,99.33571,-0.0537,4,SL,210,-15.519,HOLD
332,1787677560,SHORT,99.2785,99.16744,0.1119,2,TP,207,-20.961,HOLD
333,1787677860,SHORT,99.2844,99.34331,-0.0593,3,SL,184,-4.729,HOLD
334,1787678160,LONG,99.3841,99.32667,-0.0578,5,SL,183,14.744,HOLD
335,1787678460,SHORT,99.3715,99.4246,-0.0534,1,SL,196,-6.737,HOLD
336,1787678760,LONG,99.5546,99.50024,-0.0546,1,SL,196,4.785,HOLD
337,1787679060,SHORT,99.2836,99.2836,0,0,HORIZON,194,-26.468,HOLD
338,1787679360,SHORT,99.1769,99.23519,-0.0588,2,SL,197,-24.805,HOLD
339,1787679660,SHORT,99.141,99.20191,-0.0614,1,SL,204,-29.449,HOLD
340,1787679960,SHORT,99.0131,98.87936,0.1351,3,TP,203,-12.465,HOLD
341,1787680260,SHORT,98.7227,98.7227,0,0,HORIZON,220,-26.339,HOLD
342,1787680560,SHORT,98.7522,98.7522,0,0,HORIZON,216,-8.999,HOLD
343,1787680860,SHORT,98.7568,98.81391,-0.0578,1,SL,185,-3.13,HOLD
344,1787681160,LONG,98.9626,99.08652,0.1252,2,TP,186,16.927,HOLD
345,1787681460,LONG,99.2793,99.2793,0,0,HORIZON,188,24.154,HOLD
346,1787681760,LONG,99.2438,99.18764,-0.0566,1,SL,186,11.457,HOLD
347,1787682060,LONG,99.1702,99.288,0.1188,3,TP,188,3.766,HOLD
348,1787682360,LONG,99.2255,99.17493,-0.051,2,SL,181,5.255,HOLD
349,1787682660,SHORT,99.1092,99.16597,-0.0573,1,SL,200,-21.17,HOLD
350,1787682960,SHORT,99.1021,98.9649,0.1384,3,TP,183,-11.468,HOLD
351,1787683260,SHORT,98.9541,99.0182,-0.0648,1,SL,185,-18.026,HOLD
352,1787683560,SHORT,98.9754,98.84182,0.135,1,TP,185,-8.705,HOLD
353,1787683860,LONG,99.1911,99.12552,-0.0661,4,SL,217,41.708,HOLD
354,1787684160,LONG,99.0682,99.1903,0.1232,1,TP,212,10.195,HOLD
355,1787684460,LONG,99.2677,99.20628,-0.0619,1,SL,191,11.463,HOLD
356,1787684760,SHORT,99.0839,99.14191,-0.0585,5,SL,209,-30.914,HOLD
357,1787685060,LONG,99.1987,99.14168,-0.0575,2,SL,222,12.707,HOLD
358,1787685360,LONG,99.1143,99.1143,0,0,HORIZON,206,8.971,HOLD
359,1787685660,LONG,99.2246,99.16926,-0.0558,3,SL,194,0.059,HOLD
360,1787685960,SHORT,99.2392,99.29537,-0.0566,2,SL,213,-9.648,SELL
361,1787686260,SHORT,99.4763,99.36451,0.1124,2,TP,212,-1.39,HOLD
362,1787686560,SHORT,99.2925,99.2925,0,0,HORIZON,184,-0.314,HOLD
363,1787686860,SHORT,99.206,99.24986,-0.0442,1,SL,192,-16.485,SELL
364,1787687160,LONG,99.3005,99.42493,0.1253,2,TP,181,6.905,BUY
365,1787687460,LONG,99.3188,99.26179,-0.0574,1,SL,192,6.376,BUY
366,1787687760,SHORT,99.1931,99.07665,0.1174,2,TP,202,-19.698,SELL
367,1787688060,SHORT,99.2281,99.2799,-0.0522,4,SL,203,-3.445,HOLD
368,1787688360,LONG,99.439,99.56114,0.1228,2,TP,192,26.147,BUY
369,1787688660,LONG,99.6442,99.76984,0.1261,2,TP,191,21.595,HOLD
370,1787688960,LONG,99.6396,99.57536,-0.0645,2,SL,207,25.531,HOLD
371,1787689260,LONG,99.7804,99.93128,0.1512,4,TP,192,24.833,HOLD
372,1787689560,LONG,99.9253,100.06827,0.1431,1,TP,199,17.545,HOLD
373,1787689860,LONG,100.14,100.07339,-0.0665,5,SL,197,17.144,HOLD
374,1787690160,SHORT,100.0058,99.87059,0.1352,1,TP,195,-0.013,HOLD
375,1787690460,SHORT,99.8628,99.8628,0,0,HORIZON,191,-18.21,HOLD
376,1787690760,LONG,99.8508,99.79591,-0.055,3,SL,202,0.251,HOLD
377,1787691060,SHORT,99.7341,99.79266,-0.0587,1,SL,200,-0.106,HOLD
378,1787691360,LONG,99.7409,99.85658,0.116,2,TP,197,7.422,HOLD
379,1787691660,LONG,100.0572,100.18497,0.1277,2,TP,186,21.506,HOLD
380,1787691960,LONG,100.377,100.51445,0.1369,2,TP,187,28.068,HOLD
381,1787692260,LONG,100.5708,100.5149,-0.0556,1,SL,188,25.761,HOLD
382,1787692560,SHORT,100.3804,100.4347,-0.0541,2,SL,197,-2.382,HOLD
383,1787692860,LONG,100.4904,100.43981,-0.0503,3,SL,193,7.611,HOLD
384,1787693160,SHORT,100.4055,100.28383,0.1212,2,TP,183,-2.072,HOLD
385,1787693460,SHORT,100.1587,100.02533,0.1332,3,TP,188,-16.19,HOLD
386,1787693760,SHORT,99.8711,99.94775,-0.0767,2,SL,188,-20.979,HOLD
387,1787694060,SHORT,99.8604,99.71525,0.1454,4,TP,186,-18.638,HOLD
388,1787694360,SHORT,99.7214,99.57555,0.1463,4,TP,197,-9.224,SELL
389,1787694660,SHORT,99.5023,99.5023,0,0,HORIZON,208,-5.471,HOLD
390,1787694960,SHORT,99.4202,99.47316,-0.0533,1,SL,194,-7.595,SELL
391,1787695260,SHORT,99.4416,99.32099,0.1213,4,TP,193,-0.699,HOLD
392,1787695560,SHORT,99.2962,99.34983,-0.054,2,SL,204,-2.957,HOLD
393,1787695860,LONG,99.4112,99.4112,0,0,HORIZON,206,19.871,BUY
394,1787696160,LONG,99.447,99.54838,0.1019,1,TP,206,23.843,BUY
395,1787696460,LONG,99.5732,99.52175,-0.0517,2,SL,193,6.056,BUY
396,1787696760,SHORT,99.5235,99.39999,0.1241,2,TP,202,-11.286,SELL
397,1787697060,SHORT,99.1768,99.23386,-0.0575,1,SL,207,-32.537,HOLD
398,1787697360,SHORT,99.2397,99.29896,-0.0597,2,SL,213,-19.008,HOLD
399,1787697660,SHORT,99.462,99.3416,0.121,5,TP,212,-1.504,HOLD
400,1787697960,LONG,99.3956,99.34498,-0.0509,1,SL,178,5.087,BUY
401,1787698260,SHORT,99.2167,99.27398,-0.0577,1,SL,188,-14.826,HOLD
402,1787698560,LONG,99.1993,99.14381,-0.0559,4,SL,214,13.131,HOLD
403,1787698860,LONG,99.1851,99.13601,-0.0495,1,SL,215,14.429,HOLD
404,1787699160,LONG,99.0254,98.97614,-0.0497,1,SL,211,9.847,HOLD
405,1787699460,LONG,99.1135,99.05847,-0.0555,1,SL,198,5.66,HOLD
406,1787699760,SHORT,98.9093,98.78709,0.1236,3,TP,208,-7.164,HOLD
407,1787700060,SHORT,98.7008,98.5914,0.1108,2,TP,207,-8.822,HOLD
408,1787700360,SHORT,98.5824,98.63921,-0.0576,1,SL,197,-9.974,HOLD
409,1787700660,SHORT,98.6166,98.48627,0.1322,2,TP,190,-3.639,HOLD
410,1787700960,SHORT,98.4801,98.54138,-0.0622,1,SL,202,-3.731,HOLD
411,1787701260,LONG,98.5797,98.69753,0.1195,1,TP,218,32.805,HOLD
412,1787701560,LONG,98.7979,98.91463,0.1181,2,TP,183,13.296,HOLD
413,1787701860,LONG,98.9337,98.8859,-0.0483,1,SL,181,17.789,HOLD
414,1787702160,LONG,98.8222,98.93513,0.1143,2,TP,183,2.723,HOLD
415,1787702460,LONG,99.0129,98.95185,-0.0617,3,SL,187,19.025,HOLD
416,1787702760,SHORT,98.8355,98.70411,0.1329,1,TP,191,-14.233,HOLD
417,1787703060,SHORT,98.7443,98.62353,0.1223,2,TP,205,-9.558,HOLD
418,1787703360,SHORT,98.327,98.19637,0.1329,1,TP,221,-26.381,HOLD
419,1787703660,SHORT,98.4046,98.46882,-0.0653,1,SL,212,-16.874,HOLD
420,1787703960,SHORT,98.5061,98.56732,-0.0621,1,SL,200,-14.164,HOLD
421,1787704260,LONG,98.577,98.577,0,0,HORIZON,183,4.836,HOLD
422,1787704560,SHORT,98.5232,98.57358,-0.0511,2,SL,184,-1.206,HOLD
423,1787704860,LONG,98.6783,98.77503,0.098,1,TP,186,17.326,HOLD
424,1787705160,LONG,98.7035,98.64425,-0.06,3,SL,185,11.275,HOLD
425,1787705460,SHORT,98.6075,98.6605,-0.0538,1,SL,199,-21.662,HOLD
426,1787705760,SHORT,98.5471,98.59826,-0.0519,1,SL,184,-15.282,HOLD
427,1787706060,SHORT,98.4162,98.47089,-0.0556,1,SL,184,-17.63,HOLD
428,1787706360,SHORT,98.4216,98.47579,-0.0551,1,SL,191,-5.049,HOLD
429,1787706660,SHORT,98.1242,98.1912,-0.0683,2,SL,200,-17.776,HOLD
430,1787706960,SHORT,98.3077,98.16877,0.1413,4,TP,195,-2.871,HOLD
431,1787707260,SHORT,98.131,98.19453,-0.0647,1,SL,194,-16.143,HOLD
432,1787707560,LONG,98.4932,98.43274,-0.0614,1,SL,186,16.675,HOLD
433,1787707860,SHORT,98.3342,98.39638,-0.0632,3,SL,186,-6.293,HOLD
434,1787708160,SHORT,98.3272,98.38132,-0.055,2,SL,191,-12.341,HOLD
435,1787708460,LONG,98.3859,98.33433,-0.0524,1,SL,181,17.452,HOLD
436,1787708760,LONG,98.3277,98.3277,0,0,HORIZON,196,14.076,HOLD
437,1787709060,LONG,98.3548,98.30138,-0.0543,2,SL,190,1.756,HOLD
438,1787709360,LONG,98.351,98.30236,-0.0495,1,SL,179,0.463,HOLD
439,1787709660,LONG,98.4577,98.56442,0.1084,2,TP,198,23.786,HOLD
440,1787709960,LONG,98.3842,98.5036,0.1214,2,TP,202,4.677,HOLD
441,1787710260,SHORT,98.3525,98.40524,-0.0536,3,SL,184,-9.215,HOLD
442,1787710560,LONG,98.5172,98.46084,-0.0572,1,SL,201,33.256,BUY
443,1787710860,SHORT,98.3185,98.38078,-0.0633,2,SL,209,-4.849,HOLD
444,1787711160,SHORT,98.3042,98.36332,-0.0601,1,SL,187,-9.156,HOLD
445,1787711460,LONG,98.4337,98.4337,0,0,HORIZON,181,13.153,HOLD
446,1787711760,LONG,98.4596,98.41121,-0.0491,4,SL,180,10.278,HOLD
447,1787712060,SHORT,98.4647,98.51465,-0.0507,1,SL,202,-8.528,SELL
448,1787712360,LONG,98.5544,98.49764,-0.0576,2,SL,207,27.754,BUY
449,1787712660,SHORT,98.4835,98.36399,0.1214,2,TP,218,-23.07,SELL
450,1787712960,SHORT,98.2905,98.34548,-0.0559,1,SL,196,-22.01,HOLD
451,1787713260,SHORT,98.2412,98.3046,-0.0645,2,SL,196,-6.734,HOLD
452,1787713560,LONG,98.3364,98.28053,-0.0568,2,SL,177,1.333,HOLD
453,1787713860,LONG,98.4415,98.5536,0.1139,3,TP,193,9.242,BUY
454,1787714160,LONG,98.4624,98.40402,-0.0593,3,SL,191,10.27,BUY
455,1787714460,LONG,98.4364,98.38435,-0.0529,1,SL,192,1.197,HOLD
456,1787714760,SHORT,98.2898,98.33641,-0.0474,1,SL,203,-31.028,HOLD
457,1787715060,SHORT,98.1735,98.06804,0.1074,2,TP,212,-35.534,HOLD
458,1787715360,SHORT,97.9057,97.95627,-0.0517,3,SL,218,-41.565,HOLD
459,1787715660,SHORT,97.9335,97.98004,-0.0475,2,SL,218,-11.279,HOLD
460,1787715960,LONG,98.1253,98.07468,-0.0516,2,SL,216,3.659,HOLD
461,1787716260,LONG,98.1338,98.27196,0.1408,5,TP,199,20.155,HOLD
462,1787716560,LONG,98.2512,98.2512,0,0,HORIZON,182,20.748,BUY
463,1787716860,LONG,98.2249,98.17505,-0.0508,1,SL,197,0.161,HOLD
464,1787717160,SHORT,97.9649,98.01541,-0.0516,1,SL,200,-25.74,HOLD
465,1787717460,SHORT,97.958,98.00879,-0.0518,3,SL,195,-22.757,HOLD
466,1787717760,LONG,97.9878,97.94321,-0.0455,1,SL,195,2.379,HOLD
467,1787718060,SHORT,97.7179,97.76982,-0.0531,1,SL,197,-8.379,HOLD
468,1787718360,LONG,97.8262,97.77272,-0.0547,5,SL,185,3.667,HOLD
469,1787718660,SHORT,97.8185,97.86859,-0.0512,1,SL,191,-4.672,HOLD
470,1787718960,LONG,98.0706,98.01903,-0.0526,5,SL,185,19.202,HOLD
471,1787719260,SHORT,97.9429,97.99695,-0.0552,3,SL,184,-5.529,HOLD
472,1787719560,SHORT,97.9463,97.99989,-0.0547,1,SL,185,-9.114,HOLD
473,1787719860,SHORT,97.9455,97.84742,0.1001,1,TP,179,-8.225,HOLD
474,1787720160,SHORT,97.832,97.88021,-0.0493,1,SL,184,-13.726,HOLD
475,1787720460,LONG,97.9754,98.08082,0.1076,2,TP,193,26.133,HOLD
476,1787720760,LONG,98.1901,98.32013,0.1324,4,TP,209,37.748,BUY
477,1787721060,LONG,98.2715,98.39172,0.1223,2,TP,197,8.716,BUY
478,1787721360,LONG,98.3795,98.32673,-0.0536,1,SL,200,6.349,BUY
479,1787721660,LONG,98.342,98.27505,-0.0681,4,SL,197,7.361,HOLD
480,1787721960,LONG,98.3217,98.2602,-0.0626,2,SL,199,19.703,BUY
481,1787722260,LONG,98.2924,98.23911,-0.0542,5,SL,179,2.087,HOLD
482,1787722560,SHORT,98.1833,98.23216,-0.0498,2,SL,186,-8.272,SELL
483,1787722860,SHORT,98.1642,98.05422,0.112,1,TP,213,-32.989,SELL
484,1787723160,SHORT,98.0948,97.97925,0.1178,3,TP,210,-28.857,SELL
485,1787723460,SHORT,97.8387,97.89352,-0.056,2,SL,191,-15.33,HOLD
486,1787723760,SHORT,97.9595,98.00979,-0.0513,1,SL,197,-0.199,HOLD
487,1787724060,LONG,98.2093,98.15561,-0.0547,1,SL,199,28.507,BUY
488,1787724360,SHORT,97.7994,97.66517,0.1372,4,TP,207,-28.748,HOLD
489,1787724660,SHORT,97.7423,97.62413,0.1209,2,TP,207,-17.419,HOLD
490,1787724960,SHORT,97.6287,97.6287,0,0,HORIZON,217,-30.265,HOLD
491,1787725260,LONG,97.6397,97.58881,-0.0521,5,SL,200,2.785,HOLD
492,1787725560,SHORT,97.4905,97.54344,-0.0543,1,SL,207,-5.293,HOLD
493,1787725860,LONG,97.6245,97.57258,-0.0532,1,SL,210,25.837,HOLD
494,1787726160,LONG,97.5126,97.45673,-0.0573,2,SL,208,2.821,HOLD
495,1787726460,SHORT,97.3226,97.37504,-0.0539,1,SL,210,-6.488,HOLD
496,1787726760,SHORT,97.3289,97.21547,0.1165,3,TP,205,-1.772,HOLD
497,1787727060,SHORT,97.2532,97.30643,-0.0547,1,SL,201,-2.728,HOLD
498,1787727360,SHORT,97.1921,97.07348,0.122,2,TP,198,-6.097,HOLD
499,1787727660,LONG,97.322,97.42813,0.1091,1,TP,221,33.163,HOLD
500,1787727960,LONG,97.5738,97.51931,-0.0558,2,SL,216,42.306,HOLD