trade_id,pnl_pct,won,ret_1,ret_2,ret_3,ret_5,ret_8,ret_13,ret_21,log_ret_1,ret_z_5,ret_z_20,dist_sma5,dist_sma8,dist_sma10,dist_sma20,dist_sma34,dist_sma50,dist_sma100,dist_sma200,dist_ema5,dist_ema9,dist_ema12,dist_ema21,dist_ema26,dist_ema50,dist_ema100,dist_ema200,dist_wma10,dist_hma9,dist_dema9,dist_tema9,z_ema9,z_ema12,z_ema21,z_ema26,z_ema50,ema_spread_9_21,ema_spread_21_50,price_ma_cross_9_21,bb_pct,bb_width,bb_width_z,bb_up_dist,bb_low_dist,in_upper_band,in_lower_band,kc_pos,kc_width,dc_pos20,dc_width20,dc_pos50,dc_width50,macd,macd_signal,macd_hist,macd_hist_z,macd_ratio,ppo,adx14,pdi14,mdi14,di_diff,adx_sma5,aroon_up14,aroon_dn14,aroon_osc14,aroon_up25,aroon_dn25,aroon_osc25,cci14,cci20,dpo20,trix9,tsi,vi_plus,vi_minus,vi_diff,rsi_2,rsi_7,rsi_14,rsi_21,rsi_14_z,stoch_k,stoch_d,stoch_j,stoch_rsi,stoch_rsi_k,momentum_3,momentum_5,momentum_10,momentum_20,momentum_50,roc_3,roc_5,roc_10,roc_12,roc_24,roc_50,cmo14,williams_r,elder_bull,elder_bear,awesome,ppo_mom,atr_7,atr_14,atr_21,atr14_pct,atr14_sma,std_5,realized_vol_5,std_10,realized_vol_10,std_20,realized_vol_20,std_50,realized_vol_50,parkinson_10,parkinson_20,garman_klass_10,vol_ratio_20,vol_z_20,body,body_pct,upper_wick,lower_wick,up_wick_pct,low_wick_pct,body_ratio,body_pos,range_pct,gap,gap_pct,bull,bear,doji,hammer,shooting_star,marubozu,engulf_bull,engulf_bear,harami,close_vs_open_pos,hl_position_20,up_streak,dn_streak,streak_diff,skew_10,kurt_10,skew_20,kurt_20,skew_50,kurt_50,autocorr_1_10,autocorr_5_20,entropy_10,entropy_20,entropy_30,hurst_20,pct_rank_20,pct_rank_50,q25_dist,q75_dist,fisher,fisher_sig,inv_fisher,hour_sin,hour_cos,lag_ret1_1,lag_rsi14_1,lag_macdhist_1,lag_bbpct_1,lag_atrpct_1,lag_volz_1,lag_ret1_2,lag_rsi14_2,lag_macdhist_2,lag_bbpct_2,lag_atrpct_2,lag_volz_2,lag_ret1_3,lag_rsi14_3,lag_macdhist_3,lag_bbpct_3,lag_atrpct_3,lag_volz_3,lag_ret1_4,lag_rsi14_4,lag_macdhist_4,lag_bbpct_4,lag_atrpct_4,lag_volz_4,ret_ma5,ret_ma10,prev_bar_body,prev_bar_range,prev_bar_close_pos,er_10,er_20,mfi_proxy_14,cmf_proxy_14,macd_cross,macd_hist_slope,dow_sin,dow_cos,session_asia,session_london,session_ny,rsi_7_z,ret_10,dist_high_20,dist_low_20,hl_ratio_5,avg_body_ratio_10
1,-0.0586,0,-0.14202,0.02888,0.09128,-0.07711,0.0193,0.02115,0.08601,-0.14213,0.03221,-0.12161,0.02523,0.03963,0.02074,0.0006,-0.00194,-0.0057,0.0067,0.37584,-0.0076,0.00937,0.00666,-0.00251,-0.00412,-0.00154,0.02704,0.12946,0.01646,-0.03133,-0.00487,-0.07209,-0.27349,-0.09065,0.02653,-0.00032,-0.00513,0.00547,0.00047,-0.01388,0.03563,-0.11976,-0.37835,-0.01052,-0.06946,0.06484,-0.11944,-0.01428,0.04517,-0.00537,-0.01333,-0.00117,0.06652,0.01019,0.01903,0.01231,0.00069,0.00985,0.00972,-0.02525,-0.05217,-0.06683,-0.06985,-0.1203,-0.54563,-0.0438,-0.28527,0.13008,-0.12336,0.00563,0.1109,0.01491,0.00068,0.01338,0.00718,-0.02557,0.04275,0.00027,-0.155,-0.06611,-0.00789,0.00042,0.00456,0.03496,-0.00188,-0.0715,-0.372,-0.09762,0.09072,-0.07654,-0.01288,0.02768,-0.08048,0.09128,-0.07711,-0.01323,-0.0202,0.00329,-0.07883,-0.00789,0.03496,0.01943,0.02546,0.00814,0.00972,-0.04047,0.00248,0.02551,0.01515,-0.03736,0.08042,-0.35886,-0.10363,-0.05037,-0.12105,0.01192,-0.01419,0.00874,0.17126,0.08814,0.3929,0.01586,-0.00433,-0.10082,-0.09901,-0.00203,-0.0133,-0.05292,-0.05158,-0.33733,-0.09873,-0.00408,0.36769,0.36732,0.00178,0.00178,0.09875,0.0,-0.13478,0.06013,-0.00984,-0.03157,-0.17601,-0.09896,-0.00537,0.1646,-0.01269,0.04277,-0.01004,0.01886,0.15041,-0.15381,-0.04908,0.05823,-0.07595,-0.21241,-0.25067,0.01773,-0.11207,0.19162,0.0375,0.00541,-0.03373,0.01408,0.01512,-0.0336,0.01924,0.22014,0.54525,0.12082,-0.00055,-0.02254,-0.03978,0.03481,0.00437,0.03787,0.00391,-0.0251,-0.03853,0.00703,0.01372,-0.04767,0.01494,-0.02565,0.01249,0.00464,0.01075,0.06128,0.01686,-0.04605,-0.01188,-0.02888,-0.06621,-0.14202,-0.07673,0.16369,-0.0103,0.12082,0.03363,-0.05565,-0.01669,1.04913,-0.29154,-0.02044,-0.04061,-0.04061,0.0,0.0,0.0,-0.04781,-0.01323,-0.00043,-0.00502,-0.00582,-0.04151
2,0.1355,1,-0.01667,-0.01377,0.01214,-0.06028,0.03313,0.06007,0.06001,-0.01673,-0.01385,-0.02216,0.00284,0.02292,0.01564,0.00127,-0.00269,-0.00763,0.00775,0.38237,-0.00223,0.00539,0.00474,-0.00244,-0.00443,-0.00193,0.03068,0.13855,0.00784,0.03172,-0.00077,0.02945,-0.12269,-0.05307,0.07071,0.00587,-0.00257,-0.00353,-0.00044,-0.01388,0.09354,0.05525,0.18616,0.04683,-0.0353,0.06484,-0.11944,-0.01349,0.0192,0.02104,-0.00273,-0.00303,0.06653,-0.00162,0.00984,0.06545,0.00231,-0.00175,-0.00165,-0.01164,-0.06523,-0.12069,-0.11027,-0.02626,0.50366,0.03349,0.25366,0.19807,-0.04814,0.00563,0.11841,0.04716,7e-05,0.00026,-0.00014,0.0716,0.13514,0.10082,-0.00881,-0.05024,-0.00868,0.00053,0.00468,0.03278,0.11449,-0.01125,-0.21759,-0.10321,0.0121,-0.05986,-0.02908,0.02531,-0.04415,0.01214,-0.06028,-0.02991,-0.02109,-0.02367,-0.04311,-0.00868,0.03278,0.02645,0.04221,-0.00349,-0.00165,-0.00752,0.00055,0.00753,0.00539,-0.01114,-0.09622,-0.0568,0.00456,-0.07449,0.0519,-0.00347,-0.01408,0.01899,0.23726,0.18189,0.06808,-0.02044,0.0062,0.01269,0.01241,0.23736,-0.00191,0.54003,-0.00502,0.32702,0.01246,0.02076,-0.47946,-0.47822,-0.00178,-0.00178,0.09875,0.0,0.53912,0.06013,-0.00984,-0.03157,0.4526,0.01245,0.02104,0.00531,-0.01269,0.01163,-0.0042,0.04534,0.13173,0.10165,-0.03841,0.06649,0.07558,0.2984,-0.16866,-0.13613,-0.06905,0.21871,0.05755,0.00329,-0.03861,0.07035,0.07823,0.08964,0.10049,0.10307,0.15106,-0.15922,0.00272,0.06344,0.08617,-0.00441,-0.01348,0.13216,-0.00839,0.02737,0.07054,-0.00075,0.03248,-0.05688,-0.01206,0.00575,-0.00713,0.04401,-0.00155,-0.1756,0.00054,-0.00953,-0.00155,0.17171,0.01968,-0.01667,-0.06001,-0.23983,0.00286,-0.15922,-0.00956,-0.09926,0.06961,1.07778,-0.29154,-0.00241,-0.04061,-0.04061,0.0,0.0,0.0,-0.03227,-0.02991,0.00044,-0.00701,-0.00027,-0.06181
3,0.1299,1,0.20978,-0.03429,-0.18133,0.14095,-0.021,-0.01927,0.14412,0.21001,-0.02553,0.13203,-0.03787,-0.06073,-0.0303,-0.00198,0.01358,0.03053,-0.01185,0.14435,0.01145,-0.01498,-0.01176,0.00621,0.01171,0.0046,-0.02456,-0.00054,-0.02516,0.04512,0.00613,0.1111,0.26067,0.07513,-0.23994,-0.06415,-0.04747,0.00592,0.00046,-0.01388,-0.2519,0.1317,0.38722,-0.02403,0.13389,0.06484,0.25381,0.033,-0.04305,-0.19109,0.02232,0.0359,0.05049,0.00855,0.00832,-0.02979,-0.00109,0.0083,0.00815,0.02379,0.05379,0.14879,0.12136,0.01578,0.24134,-0.14685,-0.10563,0.22073,-0.22365,0.00985,-0.20729,-0.10094,0.00531,0.00109,0.00537,-0.03719,0.01276,-0.0193,0.14425,0.10227,0.02236,-0.00141,-0.01578,-0.05176,-0.10498,0.05415,0.31297,0.06927,-0.18037,0.14018,0.00631,0.04114,0.07387,-0.18133,0.14095,0.00651,0.02549,-0.05419,0.07261,0.02236,-0.05176,-0.03297,-0.05726,0.00692,0.00815,0.0602,-0.0038,-0.03511,-0.01769,0.04846,0.54261,-0.10908,0.08828,0.14266,0.1275,-0.01695,-0.01241,0.00279,0.1145,0.16927,0.09885,0.0174,0.07268,0.12357,0.12161,-0.17253,-0.00609,-0.37553,-0.03112,-0.43032,0.12114,-0.04024,-0.0074,-0.00724,-0.00178,-0.00178,0.09875,0.0,-0.13478,0.06013,-0.00984,-0.03157,-0.17601,0.12143,-0.19109,-0.04779,0.02463,-0.0299,0.08329,-0.00988,-0.05748,0.06404,-0.03107,0.03976,0.05172,0.58015,-0.16866,0.03766,-0.14023,0.30963,-0.08282,0.01919,0.08771,-0.06004,-0.00404,0.04825,-0.00631,0.10307,0.15106,-0.09401,-0.00419,0.01068,-0.1775,-0.01678,-0.01691,-0.24222,0.00365,0.01989,-0.03793,-0.0236,0.09357,-0.00731,-0.01313,0.02506,-0.01607,0.01561,0.00304,0.20597,-0.00773,0.03296,0.00646,-0.01998,-0.06242,0.20978,0.14049,-0.12151,-0.01135,-0.09401,0.02778,0.00521,-0.01095,1.04194,0.31584,0.02403,-0.04061,-0.04061,0.0,0.0,0.0,0.07452,0.00651,-0.00157,0.03433,-0.19822,-0.09103
4,-0.0649,0,0.02097,-0.04815,-0.1705,0.16968,-0.09395,-0.14031,0.15086,0.02094,0.03518,-0.00466,-0.03989,-0.08922,-0.05708,-0.00484,0.02697,0.06322,-0.02962,-0.07561,0.01387,-0.02378,-0.02056,0.01213,0.02346,0.00996,-0.07308,-0.12678,-0.03575,-0.00351,0.00558,0.03549,0.20246,0.07468,-0.27746,-0.10348,-0.0681,0.02459,0.00298,-0.01388,-0.27589,-0.13431,-0.4557,-0.16186,0.16271,0.06484,0.25381,0.05931,-0.13366,-0.1576,-0.06539,0.03024,-0.01626,0.03265,0.02396,-0.15468,-0.00492,0.03218,0.0314,-0.13098,0.12851,0.33653,0.27824,-0.02203,-0.02099,-0.14685,-0.21342,0.22073,-0.22365,0.00985,-0.36254,-0.20219,0.00988,0.01823,0.01703,-0.10453,-0.05324,-0.08977,0.15136,0.16273,0.04079,-0.00273,-0.02389,-0.04319,-0.14198,0.01907,0.38291,0.15021,-0.16908,0.16838,0.05606,0.05128,0.15268,-0.1705,0.16968,0.05764,0.0657,-0.07893,0.14983,0.04079,-0.04319,-0.10844,-0.1418,0.02999,0.0314,0.14335,-0.00984,-0.09702,-0.04944,0.12654,0.90722,0.07804,0.59782,0.26558,-0.13457,-0.05774,-0.00628,-0.0665,-0.17329,-0.02021,-0.18799,-0.02683,0.09915,-0.00864,-0.00855,-0.1312,0.02374,-0.27509,0.11309,0.48143,-0.00854,0.03113,0.44424,0.4459,0.00178,0.00178,-0.60661,0.0,-0.13478,0.06013,-0.00984,-0.03157,0.4526,-0.00849,-0.1576,-0.04779,0.06194,-0.06104,0.10944,0.0452,-0.31153,0.59115,-0.16282,-0.34441,0.12105,0.44052,-0.16866,0.06268,-0.06905,0.28974,-0.08282,0.01919,0.20018,-0.20021,-0.0798,-0.0805,-0.09957,0.10307,0.15106,-0.4614,-0.01341,-0.12652,-0.48513,-0.12916,-0.07059,-0.11287,0.01275,-0.03222,-0.16481,-0.00871,0.02856,0.08225,0.02877,-0.00954,0.03729,-0.0515,0.03207,0.11713,0.00973,0.00689,-0.01031,-0.08041,-0.07818,0.02097,0.16916,-0.59192,0.0483,-0.4614,-0.05961,0.05957,-0.0527,0.90747,0.31584,0.01926,-0.04061,-0.04061,0.0,0.0,0.0,0.10219,0.05764,-0.00629,0.02274,-0.35534,-0.09955
5,-0.0629,0,-0.29987,0.02599,0.03305,0.06091,-0.05474,-0.17643,0.13581,-0.29994,0.05205,-0.19164,0.01653,-0.01211,-0.01905,-0.00319,0.0201,0.04983,-0.02504,-0.03669,-0.00209,-0.00557,-0.00761,0.00684,0.01451,0.00728,-0.05624,-0.09293,-0.00231,-0.09266,-0.00436,-0.1543,0.05917,0.02846,-0.12663,-0.05702,-0.04404,0.03244,0.00514,-0.01388,-0.12412,-0.32921,-0.80678,-0.1606,0.01976,0.06484,0.25381,0.03263,-0.12343,-0.11282,-0.07249,0.02316,-0.02177,0.04671,0.04774,-0.15078,-0.00391,0.04605,0.04501,-0.18436,-0.01733,0.18014,0.10178,-0.14041,-0.28331,-0.12109,-0.28527,-0.09654,-0.19858,0.00193,-0.15439,-0.11631,0.00804,0.03561,0.02426,-0.12415,-0.0443,-0.09907,-0.08051,0.05985,0.02372,-0.0018,-0.00838,-0.03172,-0.13208,0.00067,0.11715,0.11572,0.03275,0.06028,0.05981,0.05271,0.09892,0.03305,0.06091,0.06145,0.08182,-0.04029,0.09741,0.02372,-0.03172,-0.04476,-0.09347,0.04349,0.04501,0.11287,-0.00851,-0.08956,-0.04251,0.10695,-0.03404,0.7414,0.59182,0.33,-0.32612,-0.08612,1e-05,-0.09953,-0.39185,-0.09761,-0.04334,0.04142,0.06819,-0.16986,-0.16763,0.06083,-0.0133,-0.1084,-0.05158,-0.37395,-0.16699,-0.11146,-0.11712,-0.1175,0.00178,0.00178,0.09875,0.0,-0.13478,0.06013,0.06045,-0.03157,-0.17601,-0.16767,-0.11282,0.00531,-0.01269,0.01163,-0.04843,0.05298,-0.17602,-0.21471,-0.19521,-0.29679,0.11596,-0.00132,0.18386,0.06268,-0.08834,0.31263,-0.04271,0.01495,0.08117,-0.16482,-0.09797,-0.12181,-0.11854,0.10307,0.15106,-0.09823,-0.0155,-0.19218,-0.32022,-0.02378,-0.00254,-0.09821,0.0204,-0.08872,-0.15155,-0.03724,0.06641,0.00757,0.05365,-0.05492,0.04099,-0.14385,0.04362,0.61773,0.03301,-0.06092,-0.02989,-0.62971,-0.32511,-0.29987,0.06055,-0.10712,-0.02018,-0.09823,-0.06196,0.02064,-0.06188,0.7689,0.31584,-0.02115,-0.04061,-0.04061,0.0,0.0,0.0,0.00762,0.06145,-0.00555,0.00914,-0.06576,-0.11566
6,-0.0597,0,-0.10167,0.01963,0.03637,-0.0711,-0.01292,-0.18759,0.1042,-0.10178,0.00675,-0.07314,0.01864,0.03005,0.00925,-0.0018,0.01285,0.03779,-0.02008,0.0044,-0.00452,0.00213,-0.00067,0.00308,0.00768,0.00489,-0.03986,-0.05815,0.01092,-0.02139,-0.00509,-0.0969,-0.10721,-0.00075,-0.06129,-0.03185,-0.03006,0.02558,0.00569,-0.01388,-0.05891,-0.37981,-0.71049,-0.1341,-0.05912,0.06484,-0.11944,0.01521,-0.0363,-0.08104,-0.0724,0.01818,-0.02167,0.04206,0.05943,-0.04954,0.00044,0.04143,0.04056,-0.07237,-0.10748,0.1089,0.00842,-0.137,-0.54563,-0.0438,-0.28527,-0.02855,-0.12336,0.00193,-0.03328,-0.06858,0.00616,0.03534,0.02225,-0.12668,-0.1047,-0.12481,-0.12334,0.01408,0.01476,-0.00126,0.00059,-0.02279,-0.08453,0.00545,-0.04976,0.02444,0.03605,-0.07029,0.03127,0.0317,0.07326,0.03637,-0.0711,0.0322,0.07511,-0.03479,0.07228,0.01476,-0.02279,-0.00585,0.00463,0.03149,0.04056,-0.01049,-0.00172,-0.02967,-0.00777,0.01304,0.08909,0.12977,0.11648,0.33407,-0.37552,-0.06326,0.00373,-0.10781,-0.37765,-0.12067,0.14139,-0.00183,-0.01047,-0.0289,-0.02852,0.24855,-0.0133,0.78061,-0.05158,0.21285,-0.02841,0.04586,-0.65297,-0.65479,0.00178,0.00178,0.09875,0.0,0.53912,0.06013,-0.00984,-0.03157,-0.17601,-0.02845,-0.08104,0.05841,-0.01269,0.02201,-0.11421,-0.04451,-0.04518,-0.47577,-0.14635,-0.10194,0.03012,-0.13639,0.0486,0.03766,-0.05367,0.46911,-0.01263,0.01177,-0.00406,-0.12775,-0.0634,-0.10305,-0.08111,0.10307,0.15106,0.07593,-0.00723,-0.09065,-0.13458,-0.02413,0.00123,-0.04345,0.01181,-0.06129,-0.07255,-0.02571,0.02897,-0.11931,0.0306,-0.0535,0.01755,-0.12369,0.03011,0.12287,0.0383,-0.09337,-0.0194,-0.11462,-0.0121,-0.10167,-0.07078,0.11909,-0.00931,0.07593,-0.01901,-0.07736,-0.10737,0.61795,0.31584,-0.0229,-0.04061,-0.04061,0.0,0.0,0.0,-0.0365,0.0322,-0.00473,-0.00012,-0.0109,-0.05323
7,-0.0631,0,0.09918,-0.03199,-0.06776,0.00826,0.01112,-0.15798,0.13042,0.09924,-0.02927,0.0407,-0.01614,-0.01144,-0.00352,-0.0026,0.01569,0.04923,-0.02645,-0.08567,0.00448,-0.00658,-0.00647,0.00545,0.01191,0.00666,-0.0567,-0.10469,-0.00637,0.04834,0.00074,0.04348,0.07941,0.02467,-0.09116,-0.04338,-0.03514,0.02074,0.0059,-0.01388,-0.08813,-0.39452,-0.60345,-0.15914,-0.02973,0.06484,-0.11944,0.0279,-0.04295,-0.15656,-0.07263,0.03001,-0.02191,0.03711,0.05975,-0.00535,0.002,0.0366,0.0358,-0.00106,0.01601,0.14634,0.09916,-0.03969,-0.54563,0.03349,-0.17749,0.03943,-0.04814,0.00193,-0.04205,-0.0968,0.00738,0.02675,0.02032,-0.13319,-0.11763,-0.13423,0.10621,0.06908,0.02335,-0.00179,-0.00621,-0.03758,-0.07915,0.0379,-0.10258,-0.04653,-0.06703,0.0081,-0.00063,0.05932,0.09808,-0.06776,0.00826,-0.00061,0.04355,-0.04554,0.0967,0.02335,-0.03758,-0.02424,-0.04027,0.02063,0.0358,0.01862,-0.00238,-0.0337,-0.01151,0.02156,-0.05843,-0.06416,-0.08083,0.02348,-0.38956,-0.06486,0.00681,-0.11737,-0.03027,-0.10379,0.23192,-0.01593,-0.00632,0.05932,0.05856,-0.05025,0.00917,-0.16759,0.01832,-0.00321,0.05835,-0.02343,-0.02781,-0.02774,-0.00178,-0.00178,0.09875,0.0,-0.13478,0.06013,-0.00984,-0.03157,-0.17601,0.05853,-0.15656,-0.04779,0.01219,-0.01952,0.06388,-0.01425,0.07565,-0.41493,-0.10424,0.01065,-0.02729,-0.18307,0.0486,0.06268,-0.05367,0.32728,-0.06276,0.01707,0.04099,-0.18272,-0.00287,-0.01728,-0.00476,0.10307,0.15106,-0.20395,-0.00633,-0.00301,-0.10698,-0.01396,0.0063,0.04802,0.00487,-0.00548,-0.02127,-0.00741,-0.01176,-0.04093,0.01851,-0.01672,0.00748,-0.02266,-0.00424,-0.11443,0.0174,-0.04319,-0.00758,-0.11635,0.00525,0.09918,0.00819,-0.27939,-0.00133,-0.20395,0.04161,0.10599,-0.09998,0.42583,0.31584,0.00146,-0.04061,-0.04061,0.0,0.0,0.0,0.01578,-0.00061,-0.00669,0.02191,0.03132,0.00186
8,-0.0573,0,-0.02759,0.00859,-0.04572,0.0841,-0.01331,-0.02601,0.21591,-0.02766,0.03346,-0.05834,-0.00666,-0.02424,-0.01367,-0.00231,0.01642,0.05483,-0.02994,-0.14731,0.00246,-0.00611,-0.00645,0.00567,0.01254,0.00725,-0.06508,-0.13203,-0.00841,-0.023,-0.00039,-0.0077,0.1449,0.04086,-0.08931,-0.0422,-0.03413,0.02335,0.00681,-0.01388,-0.09134,-0.30339,-0.37757,-0.13077,-0.00933,0.06484,-0.11944,0.02945,-0.02796,-0.16482,-0.08666,0.03132,-0.03666,0.04085,0.06261,-0.0225,0.00095,0.04035,0.03946,-0.07036,0.09157,0.14346,0.13876,-0.02167,-0.54563,-0.14685,-0.42899,0.10742,-0.22365,0.00721,-0.03981,-0.07315,0.00753,0.02562,0.02312,-0.10568,-0.09008,-0.10521,0.04326,0.0828,0.02694,-0.00205,-0.00824,-0.0304,-0.11891,0.00432,-0.02624,0.00729,-0.04515,0.08316,-0.00518,0.10437,0.10629,-0.04572,0.0841,-0.00532,0.00881,-0.04952,0.10484,0.02694,-0.0304,-0.04019,-0.05278,0.02625,0.03946,-0.00496,-0.00117,-0.02286,-0.00561,0.00308,0.05482,-0.10454,0.00651,0.09017,-0.29916,-0.03843,0.01157,-0.1073,0.02715,-0.09508,0.04337,-0.00723,-0.03317,-0.02398,-0.02371,0.00658,0.01499,2e-05,0.05697,0.334,-0.02361,0.01078,0.16611,0.16705,0.00178,0.00178,0.09875,0.0,-0.13478,0.06013,-0.00984,-0.03157,-0.17601,-0.02364,-0.16482,0.05841,-0.01269,0.02201,0.07419,0.05404,0.18824,0.04617,-0.08112,0.06876,0.07887,0.03432,0.0486,0.06268,-0.11207,0.2014,-0.06276,0.01707,0.05567,-0.10823,-0.05481,-0.04136,-0.07098,0.10307,0.15106,0.05355,-0.00956,-0.0279,-0.15003,-0.02355,0.00776,-0.18522,0.01454,-0.01156,-0.07557,-0.0266,0.02442,0.03851,0.0301,-0.00066,0.01199,-0.03352,-0.00242,0.26692,0.01513,0.00012,-0.00583,-0.06666,0.02857,-0.02759,0.08377,0.09356,-0.0105,0.05355,0.05425,0.4765,-0.03574,0.28886,0.31584,-0.0027,-0.04061,-0.04061,0.0,0.0,0.0,0.02788,-0.00532,-0.00774,0.02345,-0.06479,0.00702
9,0.1194,1,0.03334,-0.02268,-0.06124,0.0233,-0.04569,-0.02043,0.26166,0.03332,-0.00638,-0.0119,-0.01354,-0.02732,-0.02093,-0.00233,0.01932,0.06228,-0.03503,-0.22689,0.00502,-0.00926,-0.00888,0.00692,0.01495,0.00845,-0.07823,-0.17106,-0.01196,0.00765,0.00095,0.01598,0.16872,0.06103,-0.13712,-0.04634,-0.03568,0.02424,0.00749,-0.01388,-0.15021,-0.08072,0.00135,-0.08126,0.07219,0.06484,0.25381,0.03864,0.03662,-0.19882,-0.0451,0.03696,-0.04627,0.04249,0.06479,-0.02522,0.00048,0.04204,0.04108,-0.13928,0.12116,0.13036,0.14687,-0.07923,-0.10843,-0.14685,-0.24935,0.17541,-0.22365,0.00879,-0.1352,-0.06548,0.00823,0.02517,0.02634,-0.04822,-0.02272,-0.04068,0.14098,0.12772,0.03544,-0.00259,-0.0136,-0.05166,-0.12621,0.04374,0.15407,0.03333,-0.06045,0.02292,0.02613,0.08708,0.14394,-0.06124,0.0233,0.02702,0.03503,-0.08004,0.14177,0.03544,-0.05166,-0.03518,-0.0415,0.02824,0.04108,-0.06752,0.00331,0.0223,0.0169,-0.05174,-0.10338,-0.31203,0.1093,-0.15307,-0.07979,-0.02132,0.01483,-0.03468,0.38635,-0.05755,0.30693,-0.02418,-0.07467,0.01126,0.01113,0.29591,-0.00694,0.72165,-0.02433,0.33368,0.01109,0.0261,0.17377,0.17486,-0.00178,-0.00178,0.09875,0.0,0.53912,0.06013,-0.00984,-0.03157,0.4526,0.01117,-0.19882,-0.04779,0.02463,-0.0299,-0.05473,0.04102,0.1636,0.31801,-0.05288,0.08961,0.1033,0.15585,-0.25067,0.09633,-0.0774,0.18803,-0.08282,0.01919,0.07104,-0.07247,-0.07378,-0.0871,-0.09293,0.10307,0.15106,-0.18913,-0.01134,-0.02125,-0.19797,0.0192,0.03021,-0.00157,0.01251,-0.00619,-0.05007,0.00681,-0.0652,-0.01163,0.03496,-0.0069,0.01248,-0.01636,-0.01414,-0.08395,0.0233,-0.01218,-0.00857,-0.11353,0.0353,0.03334,0.02318,-0.2668,-0.00302,-0.18913,-0.04687,0.42065,-0.0154,0.23045,0.31584,0.00278,-0.04061,-0.04061,0.0,0.0,0.0,0.06321,0.02702,-0.00601,0.03464,0.09187,0.02209
10,-0.053,0,-0.05713,0.00761,0.07051,-0.00818,0.00967,-0.04109,0.10434,-0.05722,0.01362,-0.0515,0.01246,0.01301,0.00593,-0.00012,0.01016,0.04072,-0.02567,-0.14036,-0.00273,0.00197,0.00032,0.00192,0.00559,0.00483,-0.0507,-0.10861,0.00595,-0.01966,-0.00276,-0.03825,-0.11463,0.0015,-0.04267,-0.01998,-0.02216,0.01747,0.00726,-0.01388,-0.04008,0.11212,0.31859,0.022,0.04569,0.06484,-0.11944,0.01196,0.13718,-0.06412,0.02511,0.02758,-0.04603,0.03469,0.06243,0.02941,0.00236,0.03426,0.03356,-0.12749,0.06301,0.02258,0.04845,-0.12426,-0.37075,-0.06956,-0.24935,0.22073,-0.14843,0.00826,-0.03065,-0.0056,0.00513,0.0206,0.0231,-0.05122,-0.04348,-0.05092,-0.11467,0.01282,0.01642,-0.00151,0.00148,-0.01458,-0.05718,0.00201,-0.19631,-0.04033,0.06967,-0.00815,0.01166,0.03369,0.15507,0.07051,-0.00818,0.01208,0.02555,-0.06837,0.15239,0.01642,-0.01458,-0.0094,0.00605,0.02377,0.03356,-0.16453,0.01012,0.09216,0.05198,-0.13915,-0.16613,-0.06439,-0.14606,-0.14692,0.10976,-0.02814,0.01593,-0.01041,0.28417,-0.07264,0.56204,-0.00973,-0.09845,-0.0458,-0.04527,0.0083,-0.0133,0.24623,-0.05158,-0.13987,-0.04507,0.06832,0.26308,0.2645,0.00178,0.00178,0.09875,0.0,-0.13478,0.06013,0.06045,-0.03157,-0.17601,-0.0452,-0.06412,0.00531,-0.01269,0.01163,-0.00719,-0.10442,0.00893,-0.26532,-0.01471,0.10064,-0.0874,0.07399,0.35872,0.03766,-0.005,-0.04354,-0.02266,0.01283,0.0167,0.00176,-0.06438,-0.09803,-0.08224,0.10307,0.15106,0.00811,-0.00702,0.01183,-0.11211,0.07286,0.03947,0.13531,0.00961,-0.00192,-0.04758,0.01952,-0.07271,0.01247,0.04643,-0.00788,0.02158,0.04909,-0.03226,0.24673,0.02779,-0.0089,-0.01162,0.09545,0.13853,-0.05713,-0.00818,-0.02009,-0.01923,0.00811,-0.0085,0.02027,-0.0089,0.18908,-0.29154,-0.01075,-0.04061,-0.04061,0.0,0.0,0.0,-0.03187,0.01208,0.00031,0.0151,0.11836,0.0173
11,0.1389,1,0.4488,-0.05318,-0.09416,0.04657,-0.01907,-0.10556,0.05648,0.44962,-0.06406,0.27684,-0.03341,-0.03442,-0.01888,-0.00203,0.01678,0.05464,-0.03392,-0.25935,0.01109,-0.01267,-0.01011,0.00642,0.01351,0.00775,-0.0758,-0.17486,-0.01801,0.0939,0.00542,0.14126,0.23644,0.08581,-0.21535,-0.06347,-0.0322,0.01277,0.00676,-0.01388,-0.21415,0.08211,0.26185,-0.0367,0.11838,0.06484,0.25381,0.03338,-0.04218,-0.20816,0.0259,0.03809,-0.05,0.02757,0.05315,0.0419,0.00231,0.02728,0.02668,-0.0096,0.03122,0.16808,0.12092,-0.05897,-0.54563,-0.14685,-0.42899,0.22073,-0.22365,0.00985,-0.20564,-0.08107,0.00681,0.01187,0.01854,-0.07781,-0.07835,-0.08226,0.1217,0.09101,0.02728,-0.00213,-0.00646,-0.05613,-0.029,0.09943,0.19172,-0.06916,-0.09298,0.04588,0.01322,0.01505,0.20588,-0.09416,0.04657,0.01372,0.0329,-0.05088,0.20213,0.02728,-0.05613,0.00123,-0.04122,0.01459,0.02668,0.12643,-0.0041,-0.02917,-0.02112,0.06195,0.2767,0.68251,-0.05278,0.28626,0.08035,-0.05871,0.01352,-0.12292,-0.25502,-0.10525,0.5504,0.07026,0.04237,0.22162,0.21936,-0.17253,-0.0133,-0.37553,-0.05158,-0.55027,0.21863,-0.15363,0.87037,0.87387,-0.00178,-0.00178,0.09875,0.0,-0.13478,-0.69149,-0.00984,-0.03157,-0.17601,0.2188,-0.20816,-0.04779,0.01219,-0.01952,0.08423,-0.00654,-0.01555,-0.13604,0.00371,0.09646,-0.14218,0.09104,0.35872,0.03766,0.29489,-0.20964,-0.08282,0.01919,0.08461,-0.08288,0.0302,0.01508,0.03934,0.10307,0.15106,0.00294,-0.00124,0.08168,0.0863,0.08966,0.03296,0.12989,0.00139,0.03132,0.04354,0.03175,-0.06021,-0.02331,0.02075,0.01197,0.00457,0.15109,-0.04265,-0.02203,0.01687,0.00745,-0.00615,0.35774,0.18113,0.4488,0.04626,-0.03232,-0.01694,0.00294,0.00271,-0.16428,-0.08281,0.11802,-0.29154,0.02227,-0.04061,-0.04061,0.0,0.0,0.0,0.03261,0.01372,-0.00158,0.037,-0.05394,-0.0116
12,0.1347,1,0.0371,0.00179,-0.05134,0.12483,-0.02912,-0.08079,0.10929,0.03708,0.01359,0.00925,-0.01853,-0.0423,-0.02309,-0.00257,0.0179,0.0571,-0.037,-0.32046,0.00575,-0.01056,-0.0096,0.0068,0.01451,0.00847,-0.08498,-0.20464,-0.01587,-0.01937,0.00182,0.01336,0.16689,0.05886,-0.18788,-0.07999,-0.03474,0.02037,0.0077,-0.01388,-0.18656,-0.03394,0.08191,-0.07728,0.09963,0.06484,0.25381,0.03681,0.00119,-0.16738,-0.00835,0.03452,-0.06848,0.03616,0.05427,-0.02595,-1e-05,0.03583,0.03503,-0.10506,0.09588,0.17582,0.16111,-0.03944,0.32878,-0.14685,-0.0697,0.22073,-0.22365,0.00985,-0.20636,-0.10951,0.00649,0.0167,0.02313,-0.0483,-0.04395,-0.04919,0.10199,0.10689,0.03184,-0.00245,-0.00886,-0.0425,-0.11837,0.02902,0.29856,0.11762,-0.05057,0.12326,0.01505,0.04235,0.22702,-0.05134,0.12483,0.01563,0.03446,-0.02694,0.22288,0.03184,-0.0425,-0.05299,-0.05856,0.02337,0.03503,0.00051,-0.00011,0.00056,-0.00106,-0.00305,0.61846,0.46276,0.158,0.29579,-0.03329,-0.02681,0.01234,-0.12734,-0.28007,0.00843,0.42114,-0.02741,0.00842,0.01042,0.01032,-0.09417,0.00864,-0.14417,0.06692,0.29721,0.01018,0.05326,0.23756,0.23934,-0.00178,-0.00178,0.09875,0.0,-0.13478,0.06013,-0.00984,0.2315,-0.17601,0.01037,-0.16738,-0.04779,-0.00025,-0.00914,0.03432,0.07713,-0.07364,-0.11483,-0.01595,0.11133,0.0539,0.06786,0.18386,-0.1264,0.23006,-0.10163,-0.08282,0.01919,0.09699,-0.10393,-0.05818,-0.03165,-0.07499,0.10307,0.15106,0.0628,-0.01009,-0.01445,-0.27813,-0.0411,-0.01943,-0.15142,0.01565,0.00212,-0.1553,-0.03263,0.06214,0.17677,0.03542,0.01651,0.03145,-0.06149,0.01883,-0.01498,0.00229,0.04197,0.00647,0.43984,0.15119,0.0371,0.12434,0.05975,-0.00686,0.0628,0.0015,0.12516,-0.04244,0.00575,0.31584,0.00716,-0.04061,-0.04061,0.0,0.0,0.0,0.03709,0.01563,-0.0031,0.02884,-0.21197,0.00455
13,-0.0607,0,-0.09548,-0.02336,-0.12211,0.07503,-0.07599,-0.13804,0.20832,-0.09558,0.0364,-0.09578,-0.02113,-0.05285,-0.03758,-0.00402,0.02399,0.07493,-0.04781,-0.46789,0.00737,-0.01541,-0.01446,0.01012,0.02112,0.01158,-0.11485,-0.28713,-0.02076,-0.01853,0.00157,-0.01985,0.15521,0.05837,-0.20819,-0.08531,-0.04342,0.03103,0.00932,-0.01388,-0.21628,-0.16135,-0.11197,-0.14546,0.11685,0.06484,0.25381,0.05222,-0.05241,-0.17687,-0.05364,0.03454,-0.07379,0.05006,0.06432,-0.09261,-0.00251,0.04975,0.04856,-0.2386,0.15085,0.2246,0.22133,-0.1368,0.06646,-0.12109,-0.14156,0.13008,-0.19858,0.00721,-0.24818,-0.14437,0.00862,0.028,0.0298,-0.11398,-0.09304,-0.11183,0.05769,0.12702,0.03972,-0.00305,-0.01435,-0.04684,-0.1466,0.02423,0.25503,0.13361,-0.12028,0.07378,0.04689,0.09248,0.22697,-0.12211,0.07503,0.04855,0.05138,-0.05807,0.22341,0.03972,-0.04684,-0.0772,-0.0875,0.03299,0.04856,0.04079,-0.00352,-0.03553,-0.01924,0.03521,0.47487,0.20668,0.46122,0.3844,-0.15771,-0.04913,0.01446,-0.15378,-0.35997,-0.07403,0.15112,0.00643,0.03421,-0.0446,-0.04426,-0.01839,-0.01171,0.16533,-0.04137,-0.13344,-0.04416,0.06973,-0.2345,-0.23661,0.00178,0.00178,0.09875,0.0,-0.13478,0.06013,-0.00984,-0.03157,0.4526,-0.04419,-0.17687,0.00531,-0.01269,0.01163,0.00284,0.04565,-0.21908,0.05276,-0.05204,0.04984,0.09999,-0.12545,-0.16866,-0.18794,0.23206,0.22891,-0.07279,0.01813,0.12459,-0.17174,-0.08719,-0.10348,-0.10748,0.10307,0.15106,-0.35084,-0.01582,-0.08779,-0.39401,-0.08847,-0.03601,-0.1611,0.0179,-0.02316,-0.13648,-0.02141,0.04876,0.01395,0.04157,-0.00815,0.02719,-0.00314,0.00401,-0.09655,0.02462,-0.00554,-0.01672,-0.19931,-0.0898,-0.09548,0.07469,-0.4531,0.02122,-0.35084,-0.04802,0.4464,-0.10082,-0.13736,0.31584,0.00454,-0.04061,-0.04061,0.0,0.0,0.0,0.04818,0.04855,-0.00605,0.0287,-0.07155,-0.0693
14,-0.0609,0,0.05021,-0.00815,-0.0477,0.0703,-0.03894,-0.20162,0.1958,0.05021,0.00304,0.00889,-0.0075,-0.03305,-0.0239,-0.00399,0.02331,0.07733,-0.05045,-0.52062,0.00521,-0.0123,-0.01238,0.00957,0.02047,0.01178,-0.12086,-0.31106,-0.01265,-0.01502,-0.00019,-0.03601,0.15343,0.04416,-0.17683,-0.07026,-0.04065,0.03469,0.01057,-0.01388,-0.17473,-0.27022,-0.2727,-0.16919,0.07612,0.06484,0.25381,0.05037,-0.02336,-0.18389,-0.04709,0.03557,-0.08865,0.05688,0.0767,-0.0863,-0.00243,0.05659,0.05524,-0.32984,0.15068,0.18759,0.19838,-0.24727,-0.19587,-0.14685,-0.28527,0.19807,-0.22365,0.00932,-0.19311,-0.13376,0.00953,0.03665,0.03454,-0.11322,-0.10901,-0.1177,0.12493,0.14828,0.04473,-0.0034,-0.01827,-0.04992,-0.13819,0.03448,0.34112,0.12404,-0.04683,0.06906,0.0692,0.06457,0.19397,-0.0477,0.0703,0.07156,0.08415,-0.0749,0.19153,0.04473,-0.04992,-0.04933,-0.07338,0.03795,0.05524,0.00277,-0.00117,-0.01498,-0.00745,0.0028,-0.28045,0.07615,0.21498,0.20513,-0.2638,-0.03322,0.01862,-0.13576,-0.25292,-0.07436,-0.10773,-0.02754,0.01558,0.04985,0.04955,0.08063,0.00334,0.06988,0.00198,0.05773,0.04945,-0.01844,-0.44118,-0.4453,-0.00178,-0.00178,0.09875,0.0,-0.13478,0.06013,-0.00984,-0.03157,-0.17601,0.04954,-0.18389,-0.04779,0.02463,-0.0299,-0.0163,0.09085,-0.12901,-0.38445,-0.04967,0.02668,0.10703,-0.27536,0.18386,-0.23865,0.04246,0.22088,-0.08282,0.01919,0.09901,-0.21302,-0.09697,-0.12199,-0.11754,0.10307,0.15106,-0.02192,-0.01439,-0.09425,-0.26279,-0.00796,-0.00384,-0.06991,0.01958,-0.04811,-0.12553,-0.01305,0.02478,-0.03848,0.05221,-0.03237,0.03178,-0.056,0.01527,0.46708,0.03909,-0.04178,-0.02409,-0.43085,-0.16605,0.05021,0.06999,-0.03124,-0.00671,-0.02192,-0.09605,0.32775,-0.13505,-0.27545,0.31584,-0.00298,-0.04061,-0.04061,0.0,0.0,0.0,0.07085,0.07156,-0.0058,0.03079,0.0282,-0.01493
15,-0.055,0,-0.13259,0.01154,0.05845,-0.02575,-0.01103,-0.20779,0.13076,-0.1327,0.04553,-0.10589,0.01283,0.01639,0.00327,-0.00191,0.01434,0.05637,-0.04167,-0.4405,-0.00317,0.00025,-0.00215,0.00426,0.01071,0.00815,-0.0943,-0.25352,0.00627,-0.02971,-0.00427,-0.0805,-0.06728,0.00717,-0.07885,-0.03848,-0.02783,0.02901,0.01077,-0.01388,-0.07558,-0.2913,-0.27947,-0.11707,-0.02252,0.06484,-0.11944,0.02274,0.02621,-0.10253,-0.05521,0.0269,-0.09485,0.052,0.08208,-0.01621,0.00033,0.05168,0.05055,-0.33421,0.11145,0.07985,0.11035,-0.30806,-0.45819,-0.09533,-0.3212,0.22073,-0.17351,0.00879,-0.03555,-0.06487,0.00734,0.03548,0.03335,-0.11938,-0.11687,-0.12487,-0.10427,0.03999,0.02597,-0.00233,0.00127,-0.02909,-0.09927,0.0111,0.01498,0.0573,0.05754,-0.02542,0.02231,0.05523,0.18634,0.05845,-0.02575,0.02319,0.04182,-0.04963,0.18389,0.02597,-0.02909,-0.02642,-0.02429,0.03124,0.05055,-0.06078,0.00257,0.01934,0.01199,-0.04893,-0.273,-0.2946,0.00814,-0.02094,-0.28393,-0.04702,0.02034,-0.1375,0.04991,-0.07323,0.10838,0.01012,-0.01836,-0.08032,-0.07972,-0.11398,-0.0133,-0.21661,-0.05158,-0.44538,-0.07955,0.0438,0.0666,0.06738,0.00178,0.00178,0.09875,0.0,-0.13478,-0.69149,0.06045,-0.03157,-0.17601,-0.07965,-0.10253,0.00531,-0.01269,0.01163,-0.24074,-0.15169,0.00702,-0.47202,-0.02551,0.03147,0.0436,-0.26937,0.18386,-0.0478,0.0684,0.22201,-0.02266,0.01283,0.00312,-0.13453,-0.07187,-0.10803,-0.09079,0.10307,0.15106,-0.04301,-0.0127,-0.04789,-0.17725,-0.00481,-0.00362,0.07443,0.01682,-0.03186,-0.07696,-0.01381,0.02965,0.01914,0.05897,-0.03007,0.02537,-0.02172,0.00714,0.01889,0.0355,-0.04497,-0.01574,-0.03734,-0.01809,-0.13259,-0.02565,-0.04742,-0.00906,-0.04301,-0.0239,0.17657,-0.13734,-0.4221,0.31584,-0.01806,-0.04061,-0.04061,0.0,0.0,0.0,-0.03568,0.02319,-0.00439,0.00876,0.0779,-0.0024
16,-0.061,0,-0.10006,-0.0146,-0.02946,-0.00268,0.00351,-0.09875,0.11088,-0.10017,0.02366,-0.08649,-0.0017,0.00186,0.00091,-0.00179,0.01474,0.0555,-0.04256,-0.47054,8e-05,-0.00197,-0.00314,0.00426,0.01052,0.00807,-0.09589,-0.26446,0.0003,0.00884,-0.00173,-0.01236,0.02668,0.01475,-0.0748,-0.0373,-0.02661,0.02372,0.0106,-0.01388,-0.07157,-0.28292,-0.24681,-0.11195,-0.02467,0.06484,-0.11944,0.02175,-0.01799,-0.13877,-0.05662,0.03071,-0.09603,0.04572,0.07921,0.02269,0.00228,0.04548,0.04449,-0.27042,0.11216,0.10508,0.12632,-0.27723,-0.54563,-0.14685,-0.42899,0.01677,-0.22365,0.0051,-0.01908,-0.06074,0.00719,0.02813,0.03039,-0.08252,-0.06004,-0.07805,-0.00632,0.04494,0.02486,-0.00227,0.00334,-0.02432,-0.08291,0.00932,-0.31575,-0.09519,-0.02889,-0.00275,-0.0039,0.06012,0.18058,-0.02946,-0.00268,-0.00398,0.03574,-0.04637,0.1784,0.02486,-0.02432,-0.02593,-0.044,0.02533,0.04449,0.02436,-0.00102,-0.00991,-0.00662,0.00268,-0.13102,0.07945,-0.19802,-0.15516,-0.2753,-0.04817,0.02144,-0.11905,0.15451,-0.10606,-0.03341,0.00304,0.01282,-0.05827,-0.05786,-0.00892,0.01346,-0.10465,0.02948,0.10374,-0.05763,-0.02946,0.00026,0.0004,0.00178,0.00178,0.09875,0.0,-0.13478,0.06013,-0.00984,-0.03157,0.4526,-0.05778,-0.13877,0.00531,-0.01269,0.01163,0.00189,0.03112,0.14368,-0.20815,0.00565,0.02112,-0.18347,-0.38026,0.0486,-0.11955,0.04024,0.20001,-0.05274,0.01601,0.02613,-0.08867,-0.02717,-0.04305,-0.03659,0.10307,0.15106,-0.26787,-0.01114,0.01137,-0.15781,0.0009,-0.00134,0.02586,0.01068,0.00721,-0.03305,0.01999,-0.03052,-0.05315,0.03364,-0.00461,0.01005,0.0348,-0.00768,0.04762,0.03122,-0.02206,-0.0103,-0.02192,-0.01709,-0.10006,-0.00271,-0.33765,0.01798,-0.26787,0.04967,0.22353,-0.05839,-0.58819,-0.29154,-0.00699,-0.04061,-0.04061,0.0,0.0,0.0,-0.0315,-0.00398,-0.00532,0.01831,0.03932,0.02244
17,-0.0621,0,-0.00295,-0.01593,-0.02002,0.03688,-0.00286,0.00428,0.16742,-0.00301,0.00852,-0.03406,-0.00361,-0.0092,-0.00383,-0.00125,0.01367,0.05236,-0.04267,-0.49014,0.00173,-0.0032,-0.00359,0.00402,0.00984,0.00772,-0.09479,-0.26823,-0.00367,0.00868,-0.00025,0.01794,0.1468,0.04567,-0.07055,-0.03487,-0.02507,0.01921,0.01022,-0.01388,-0.07359,-0.11759,0.02139,-0.06022,0.01181,0.06484,-0.11944,0.02032,-0.03075,-0.1673,-0.0567,0.03375,-0.09614,0.03941,0.07256,0.04206,0.00295,0.03922,0.03838,-0.18053,0.0789,0.02536,0.05887,-0.21672,-0.54563,-0.06956,-0.3212,0.08476,-0.14843,0.0051,-0.01694,-0.04046,0.00598,0.02077,0.02717,-0.04994,-0.04425,-0.05039,0.06953,0.05807,0.02568,-0.0023,0.00325,-0.0256,-0.06732,0.0194,-0.18279,-0.09553,-0.01959,0.03613,-0.00027,0.08318,0.20309,-0.02002,0.03688,-0.00021,0.00733,-0.0381,0.20045,0.02568,-0.0256,-0.01973,-0.01882,0.02253,0.03838,0.01931,-0.00168,-0.01843,-0.01012,0.00941,-0.23997,0.07191,-0.18273,-0.11891,-0.11326,-0.03641,0.02122,-0.11531,0.20316,-0.05109,-0.35631,-0.0161,0.00557,0.02624,0.02609,-0.04078,0.00572,-0.05621,0.03277,0.15505,0.02593,0.02997,-0.59683,-0.60268,-0.00178,-0.00178,0.09875,0.0,-0.13478,0.06013,-0.00984,-0.03157,0.4526,0.02612,-0.1673,-0.04779,0.01219,-0.01952,-0.05309,0.04969,0.31738,0.89984,0.03889,-0.01758,-0.17757,-0.23933,0.0486,-0.11955,0.04024,0.13514,-0.07279,0.01813,0.03974,-0.05112,-0.012,-0.01986,-0.01683,0.10307,0.15106,-0.16453,-0.00853,0.04293,-0.11156,-0.04697,-0.01745,0.06094,0.00854,0.02219,-0.02316,-0.01482,0.02674,-0.04029,0.03215,0.00952,0.00943,-0.0193,0.00593,0.35402,0.02727,0.00722,-0.00906,0.00597,-0.00659,-0.00295,0.03668,-0.2312,0.01169,-0.16453,0.03781,0.41761,-0.05058,-0.67082,-0.29154,-0.00029,-0.04061,-0.04061,0.0,0.0,0.0,-0.01832,-0.00021,-0.00601,0.02599,0.0663,-0.00418
18,-0.0598,0,-0.00563,-0.01468,0.0069,0.0216,-0.01112,0.01014,0.10423,-0.00569,0.00659,-0.01826,-0.00162,-0.00246,-0.00311,-0.0004,0.00981,0.04194,-0.04012,-0.47531,0.00093,-0.0016,-0.00192,0.0027,0.00712,0.00647,-0.08571,-0.25157,-0.0019,0.00677,-0.00019,0.01738,0.09842,0.03621,-0.06996,-0.02554,-0.02239,0.01424,0.00955,-0.01388,-0.0695,0.11286,0.35987,0.01456,0.05818,0.06484,-0.11944,0.01343,-0.02939,-0.13224,0.02619,0.03352,-0.09231,0.03194,0.06341,0.05815,0.00308,0.0318,0.03114,-0.03647,0.05937,-0.0152,0.02312,-0.11124,-0.02099,0.00773,0.00216,0.15275,-0.07321,0.0051,-0.02613,-0.01677,0.00433,0.01392,0.02292,0.01329,0.00533,0.01084,0.04773,0.03674,0.01986,-0.00193,0.00829,-0.01718,-0.00422,0.03267,-0.19906,-0.09933,0.00687,0.0211,-0.00157,0.02964,0.24979,0.0069,0.0216,-0.00156,-0.00787,-0.05084,0.24584,0.01986,-0.01718,-0.01359,-0.0109,0.01658,0.03114,0.00392,-0.00132,-0.01746,-0.00829,0.00083,-0.26688,-0.06102,-0.16825,-0.03669,0.11202,0.02682,0.01638,-0.08501,0.20575,0.1496,-0.27252,-0.02186,-0.00474,-0.00085,-0.00083,0.10647,0.00933,0.28953,0.0471,0.46724,-0.00078,0.02782,-0.05333,-0.05372,-0.00178,-0.00178,-0.60661,0.0,0.53912,0.06013,-0.00984,-0.03157,0.4526,-0.00077,-0.13224,-0.04779,0.01219,-0.01952,-0.04982,0.08061,0.33931,0.88584,0.04426,-0.0301,-0.17,0.17429,0.0486,0.00402,0.00694,-0.1392,-0.06276,0.01707,0.02532,0.02082,-0.01096,-0.01125,-0.01546,0.10307,0.15106,-0.15512,-0.00661,0.06124,-0.11059,-0.04124,-0.01296,0.12458,0.00572,0.03172,-0.00224,-0.02104,0.03163,-0.00189,0.03326,0.01656,0.00974,-0.02949,0.00277,0.21321,0.02068,0.02282,-0.00612,-0.22801,-0.08068,-0.00563,0.02147,-0.29485,0.00316,-0.15512,0.04334,0.03026,-0.03022,-0.68916,-0.29154,0.00069,-0.04061,-0.04061,0.0,0.0,0.0,-0.03187,-0.00156,-0.00055,0.02557,0.08494,-0.02404
19,-0.0534,0,0.06015,-0.00108,-0.03001,0.04355,-0.01446,-0.01144,0.09089,0.06015,-0.01092,0.03989,-0.00585,-0.01095,-0.00715,-0.00053,0.01,0.03955,-0.04115,-0.50609,0.00221,-0.00351,-0.00334,0.00319,0.00783,0.00662,-0.08806,-0.26311,-0.00497,0.00382,0.0006,0.02117,0.18312,0.05758,-0.16685,-0.03376,-0.02524,0.01295,0.00914,-0.01388,-0.20509,0.2657,0.53303,0.04547,0.11894,0.06484,0.25381,0.01738,0.02571,-0.15846,0.06089,0.03578,-0.05486,0.02877,0.05572,0.04512,0.00188,0.02866,0.02807,0.01358,0.0811,-0.02974,0.02604,-0.01819,-0.28331,-0.09533,-0.24935,0.22073,-0.17351,0.00879,-0.15216,-0.0256,0.00412,0.01076,0.02222,0.02875,0.00219,0.01972,0.08656,0.06385,0.02383,-0.00215,0.00273,-0.04077,-0.08814,0.04004,-0.03437,-0.03505,-0.0294,0.04267,0.00054,0.02313,0.21178,-0.03001,0.04355,0.00064,0.01674,-0.03797,0.20905,0.02383,-0.04077,-0.0089,-0.0021,0.01497,0.02807,-0.06086,0.0027,0.02042,0.0122,-0.05239,-0.32066,-0.37953,-0.17503,-0.21855,0.26129,0.03739,0.01022,-0.04637,0.31223,0.19988,-0.3297,-0.01623,-0.06501,0.03295,0.03278,0.1435,-0.01054,0.42876,-0.03875,0.05583,0.03255,0.03602,0.04108,0.04165,-0.00178,-0.00178,0.09875,0.0,-0.13478,0.06013,-0.00984,0.2315,-0.17601,0.0328,-0.15846,-0.04779,-0.00025,-0.00914,-0.03981,0.01808,-0.03816,-0.19301,0.00704,0.09651,-0.06849,0.14681,-0.25067,-0.1264,0.05439,-0.22095,-0.08282,0.01919,0.0477,0.00963,-0.03676,-0.03874,-0.04879,0.10307,0.15106,0.06149,-0.00673,0.05329,-0.16029,0.00156,0.01612,-0.07316,0.01121,0.02659,-0.07898,-0.00786,-0.00759,-0.00295,0.0254,0.02241,0.00911,-0.02416,-0.00173,0.20038,0.01584,0.03187,-0.00606,-0.19999,-0.06004,0.06015,0.04336,0.09751,-0.00691,0.06149,0.03272,-0.01765,-0.03262,-0.70704,-0.29154,0.00388,-0.04061,-0.04061,0.0,0.0,0.0,0.00247,0.00064,0.00116,0.03199,0.05972,0.04587
20,-0.0527,0,-0.02523,0.00961,0.00637,-0.00405,-0.01377,0.00675,0.01036,-0.0253,0.01255,-0.0249,0.00206,-0.00018,-0.00173,-0.00024,0.00683,0.03078,-0.03783,-0.48997,-0.00054,-0.00035,-0.00089,0.00181,0.00511,0.00542,-0.0791,-0.24646,0.00013,-0.0147,-0.00086,-0.01385,0.07486,0.02972,-0.11949,-0.03393,-0.02211,0.0112,0.00867,-0.01388,-0.11685,0.2389,0.45616,0.04723,0.09672,0.06484,0.25381,0.01075,0.09343,-0.08113,0.06335,0.03098,-0.00749,0.02535,0.04947,0.04169,0.00152,0.02526,0.02476,0.02334,0.05338,-0.03146,0.00979,0.01071,-0.54563,-0.12109,-0.39306,0.22073,-0.19858,0.00932,-0.08996,-0.0239,0.0027,0.00932,0.02177,-0.01747,-0.00818,-0.01472,-0.04333,0.03927,0.02008,-0.00194,0.00755,-0.02053,-0.09163,-0.00252,-0.09468,0.00565,0.00636,-0.0041,0.00142,-0.0015,0.1571,0.00637,-0.00405,0.00155,0.00677,-0.02639,0.15569,0.02008,-0.02053,0.00024,0.00769,0.01295,0.02476,-0.10902,0.00709,0.06745,0.03472,-0.10599,-0.34041,-0.47656,-0.16799,-0.33551,0.23517,0.08732,0.00664,-0.02479,0.32128,0.24322,0.17045,-0.01944,-0.08964,-0.01056,-0.01048,0.37255,-0.00662,0.90274,-0.02293,0.46141,-0.01037,0.0256,-0.08905,-0.08986,0.00178,0.00178,-0.60661,0.0,0.53912,0.06013,-0.00984,-0.03157,0.4526,-0.01041,-0.08113,0.05841,-0.01269,0.02201,-0.11994,-0.0816,-0.00972,-0.18365,-0.00173,0.18102,0.00995,-0.03066,0.0486,0.06268,0.14402,-0.43353,-0.05274,0.01601,0.03486,0.01844,-0.05687,-0.06938,-0.07343,0.10307,0.15106,0.06673,-0.00736,0.03989,-0.21877,0.06117,0.04233,-0.0521,0.01252,0.0197,-0.14037,0.02969,-0.11542,0.02307,0.03076,0.01768,0.03006,0.03541,-0.02804,-0.09476,0.01614,0.02794,-0.00922,0.00923,0.07373,-0.02523,-0.00404,0.13815,-0.00417,0.06673,0.02165,-0.23798,-0.023,-0.74262,-0.29154,-0.00183,-0.04061,-0.04061,0.0,0.0,0.0,-0.02786,0.00155,0.00197,0.02466,0.09626,0.08746
21,-0.0583,0,-0.2786,0.05689,0.12512,-0.10052,0.03346,0.08831,-0.09805,-0.27868,0.04564,-0.21161,0.0367,0.05411,0.0298,0.00233,-0.00698,-0.00121,-0.02174,-0.32367,-0.01199,0.01527,0.01173,-0.00506,-0.00794,-4e-05,-0.03405,-0.13922,0.02406,-0.06483,-0.0065,-0.10893,-0.35392,-0.11078,0.28811,0.10487,-0.00011,0.00238,0.00735,-0.01388,0.29395,0.20498,0.35395,0.1092,-0.0276,-0.22988,-0.11944,-0.02876,0.00739,0.29065,0.05833,0.00722,-0.00183,0.01346,0.03993,0.09377,0.00418,0.01338,0.01319,0.06732,-0.15345,-0.06217,-0.12242,0.03338,0.67854,-0.09533,0.14587,0.22073,-0.17351,0.00879,0.39433,0.11956,-0.00286,0.00386,0.01376,0.04148,0.07848,0.05849,-0.15002,-0.12049,-0.01619,0.0003,0.04174,0.07286,0.04856,-0.12383,-0.372,-0.05755,0.12299,-0.09874,-0.02164,-0.03244,0.0443,0.12512,-0.10052,-0.02242,-0.03362,0.02334,0.04462,-0.01619,0.07286,0.03764,0.0307,0.00424,0.01319,0.03749,0.00013,0.00974,-0.00039,0.00172,0.23329,0.07604,-0.0863,-0.08588,0.2021,0.02877,0.0059,-0.02297,0.14929,0.17858,0.27024,0.04871,0.01538,-0.16926,-0.16795,-0.11914,-0.0133,-0.30526,-0.05158,-0.50389,-0.16745,-0.07765,0.15336,0.15503,0.00178,0.00178,0.09875,0.0,-0.13478,-0.69149,-0.00984,-0.03157,-0.17601,-0.16799,0.29065,0.05841,-0.01269,0.02201,-0.26604,-0.26541,0.04757,-0.14027,0.03879,0.14717,-0.04512,0.20128,0.1306,0.01773,0.00694,0.0029,0.10768,-0.00732,-0.06226,0.11788,-0.02434,-0.0553,-0.03294,0.10307,0.15106,0.23917,-0.00175,0.05703,0.0327,0.04736,0.01998,-0.07267,0.0117,0.01968,-0.11024,0.03338,-0.0763,-0.0107,0.0257,0.01643,0.01643,0.10091,-0.0388,-0.1019,0.01773,0.02132,-0.01294,0.3006,0.19431,-0.2786,-0.10003,0.34495,0.0065,0.23917,-0.00107,-0.33242,-0.00902,-0.75214,-0.29154,-0.02308,-0.04061,-0.04061,0.0,0.0,0.0,-0.18523,-0.02242,0.00515,-0.01505,-0.05212,0.05249
22,-0.0514,0,0.06211,-0.01714,-0.02892,-0.08237,0.0318,0.0633,-0.04319,0.06212,-0.03388,0.0591,-0.00251,0.01793,0.01398,0.00152,-0.00624,0.00209,-0.02283,-0.35138,-0.0007,0.00433,0.00444,-0.00251,-0.00393,0.00087,-0.03933,-0.15357,0.00561,0.0485,0.00064,0.05456,-0.08963,-0.04316,0.14547,0.05309,-0.0033,-0.00646,0.00549,-0.01388,0.15698,0.17819,0.27975,0.0813,-0.00201,0.06484,-0.11944,-0.01432,0.09702,0.14011,0.04759,0.01337,-0.00194,-0.00042,0.02175,0.11764,0.00395,-0.0004,-0.00033,0.06376,-0.10255,-0.08703,-0.10991,0.06039,0.50366,-0.01803,0.1818,-0.30051,-0.09829,-0.00493,0.17266,0.0783,-0.00282,-0.00833,0.00306,0.06858,0.05119,0.06538,0.04527,-0.05044,-0.00701,-0.00012,0.02021,0.03304,0.13708,-0.00093,-0.16549,-0.10153,-0.02837,-0.08093,-0.01778,-0.01443,0.07626,-0.02892,-0.08237,-0.01842,-0.02364,0.02713,0.07615,-0.00701,0.03304,0.02021,0.04824,-0.01226,-0.00033,-0.1018,0.00681,0.07052,0.03368,-0.08522,-0.00243,0.18732,0.04863,-0.0552,0.17595,0.02922,0.0035,0.04244,0.05532,0.13583,0.56987,-0.00922,-0.06362,0.05009,0.04975,-0.17253,-0.01012,-0.37553,-0.03066,-0.42764,0.04968,0.07186,-0.29829,-0.30081,-0.00178,-0.00178,0.09875,0.0,-0.13478,0.06013,-0.00984,-0.03157,-0.17601,0.04974,0.14011,-0.04779,0.01219,-0.01952,-0.04388,0.08547,0.08123,-0.11761,0.08031,0.08196,0.07888,0.45347,0.18386,-0.04094,0.07813,-0.00749,0.0776,-0.00414,-0.03682,0.07502,0.0723,0.06917,0.09331,-0.03327,-0.09675,-0.09846,0.00416,0.13149,0.2872,0.02791,0.00845,0.04567,-0.00938,0.06324,0.1836,0.0012,0.01275,-0.1109,-0.02327,0.03535,-0.04703,-0.0012,0.00705,-0.33686,0.00356,0.02979,0.00306,0.2331,0.0915,0.06211,-0.082,-0.07511,-0.01903,-0.09846,0.01614,-0.42071,0.00283,-0.73222,-0.29154,0.00581,-0.04061,-0.04061,0.0,0.0,0.0,-0.07378,-0.01842,0.00353,-0.00471,-0.0542,-0.02316
23,0.1092,1,0.0166,0.01021,0.03905,0.00268,0.04176,0.09771,-0.08621,0.01656,-0.00811,0.03195,0.00595,0.0116,0.01313,0.00205,-0.01051,-0.01061,-0.01677,-0.29222,-0.00243,0.00597,0.00593,-0.00378,-0.00678,-0.0008,-0.02349,-0.1155,0.00584,0.00067,0.00011,0.02624,-0.08823,-0.04552,0.20013,0.07514,0.00524,-0.01107,0.00388,0.02694,0.20349,0.14457,0.20594,0.08803,-0.0371,-0.22988,-0.11944,-0.02188,0.11681,0.22438,0.04763,0.00644,0.00372,-0.00943,0.00513,0.10789,0.00285,-0.00937,-0.0091,0.10824,-0.04928,-0.11231,-0.09636,0.08305,0.24134,0.05926,0.1818,-0.23252,-0.02307,-0.00493,0.19358,0.12754,-0.00461,-0.01548,-0.00425,0.09427,0.06478,0.08764,-0.04419,-0.08091,-0.01485,0.00041,0.01977,0.05461,0.14485,-0.04077,-0.29196,-0.10711,0.0385,0.00253,-0.02938,-0.02885,0.0885,0.03905,0.00268,-0.0305,-0.04289,0.02322,0.08811,-0.01485,0.05461,0.01812,0.04479,-0.01597,-0.0091,-0.10325,0.00779,0.08443,0.03886,-0.09249,-0.31461,-0.34072,0.01277,-0.08723,0.14311,0.05951,-0.00159,0.04901,-0.02242,0.1272,0.26207,-0.01913,-0.0567,-0.01128,-0.01118,-0.0115,0.00254,0.19055,0.05032,0.42082,-0.01105,0.06993,0.44424,0.4482,0.00178,0.00178,-0.60661,0.0,0.53912,0.06013,-0.00984,-0.03157,0.4526,-0.01112,0.22438,-0.04779,-0.00025,-0.00914,0.18017,0.00543,0.02389,-0.39985,0.1041,0.04185,0.0615,0.0634,0.0486,-0.1264,-0.03216,0.04908,0.0776,-0.0105,-0.06158,0.08692,0.06995,0.08906,0.09044,-0.03327,-0.09675,0.12316,0.00572,0.11836,0.3162,0.04122,0.00981,0.03171,-0.00478,0.05805,0.10853,0.0409,-0.07103,0.02385,-0.01087,0.04402,-0.02587,0.09789,-0.02744,0.12318,-0.01137,0.06659,0.01925,0.13802,0.03847,0.0166,0.00265,0.1547,0.01638,0.12316,-0.02159,-0.35704,0.09584,-0.69628,-0.29154,0.00403,-0.04061,-0.04061,0.0,0.0,0.0,-0.07858,-0.0305,0.00442,-0.01478,0.12397,0.0394
24,-0.0576,0,0.04412,0.01677,0.0715,-0.06646,0.0177,0.16381,-0.14374,0.04411,-0.04341,0.06808,0.01242,0.0287,0.01663,0.00304,-0.01652,-0.02865,-0.00741,-0.19187,-0.00446,0.00953,0.0092,-0.00612,-0.01169,-0.00341,0.00117,-0.05393,0.01099,0.00206,-0.0005,0.01691,-0.19586,-0.06103,0.2502,0.10284,0.02138,-0.01824,0.00186,0.02694,0.24927,0.056,0.06044,0.09496,-0.1121,-0.22988,-0.11944,-0.03502,0.08285,0.19644,0.00782,-0.01106,0.02373,-0.0215,-0.01233,0.11997,0.0032,-0.02134,-0.02085,-0.01127,-0.21338,-0.17247,-0.22338,0.06739,0.67854,0.13655,0.46923,-0.34583,0.05215,-0.00915,0.23072,0.18755,-0.00713,-0.02262,-0.01395,0.14522,0.1102,0.13916,-0.06275,-0.12134,-0.02794,0.00136,0.02141,0.04746,0.17229,-0.01315,-0.30464,-0.13496,0.07045,-0.06543,-0.03467,-0.0465,0.00072,0.0715,-0.06646,-0.03597,-0.06106,0.04358,0.00154,-0.02794,0.04746,0.06017,0.08189,-0.02365,-0.02085,-0.03422,0.00477,0.06166,0.02371,-0.04179,-0.05088,-0.23081,-0.11641,-0.11685,0.05659,0.06327,-0.00552,0.06638,-0.07413,0.13216,0.21007,-0.00594,-0.00778,0.05441,0.05394,0.25544,-0.0133,0.43262,-0.05158,-0.01685,0.05379,-0.006,-0.61214,-0.61652,-0.00178,-0.00178,0.09875,0.0,-0.13478,0.06013,-0.00984,-0.03157,-0.17601,0.05392,0.19644,-0.04779,-0.00025,-0.00914,-0.11178,-0.02316,0.03212,-0.3292,0.12515,-0.03657,0.04783,-0.16251,0.1306,-0.07746,-0.0774,0.15967,0.09765,-0.01686,-0.11024,0.1245,0.0999,0.11878,0.12553,-0.03327,-0.09675,0.22269,0.01109,0.12732,0.42045,0.05679,0.0095,0.07186,-0.01011,0.05636,0.14756,0.04681,-0.06681,0.00585,-0.02146,0.04048,-0.03305,0.11295,-0.02442,-0.1788,-0.0153,0.0601,0.0211,0.20307,0.04469,0.04412,-0.06615,0.31366,0.01274,0.22269,-0.03598,-0.1484,0.11725,-0.60376,-0.29154,0.00199,-0.04061,-0.04061,0.0,0.0,0.0,-0.08649,-0.03597,0.00357,-0.03456,-0.09949,-0.01482
25,-0.0552,0,-0.03239,0.01754,-0.007,-0.02655,0.02439,0.12703,-0.135,-0.03246,0.00046,0.00525,0.00219,0.01209,0.0107,0.00236,-0.01465,-0.02884,-0.00652,-0.18939,-0.00247,0.00575,0.00608,-0.00474,-0.00947,-0.00306,0.00113,-0.0533,0.00535,-0.00157,0.0005,0.01273,-0.1042,-0.04821,0.18695,0.07854,0.02254,-0.01797,0.00057,0.02694,0.18304,0.03919,0.01004,0.0729,-0.08878,-0.22988,-0.11944,-0.02626,0.06157,0.17515,0.00779,-0.00848,0.0237,-0.02452,-0.02536,0.07757,0.00015,-0.02434,-0.02378,0.06317,-0.08427,-0.08707,-0.09992,0.03402,0.41622,0.21384,0.46923,-0.27784,0.12737,-0.00915,0.12148,0.13478,-0.00653,-0.02436,-0.01642,0.12369,0.08316,0.11426,-0.0564,-0.07849,-0.02213,0.00116,0.01493,0.03871,0.09468,-0.03274,-0.15493,-0.06055,-0.00681,-0.02622,-0.01788,-0.06191,0.01213,-0.007,-0.02655,-0.01851,-0.02424,0.04621,0.01282,-0.02213,0.03871,0.01789,0.03019,-0.02501,-0.02378,-0.02557,0.00332,0.047,0.01623,-0.01847,-0.18486,0.03238,-0.10926,-0.2026,0.04007,0.05996,-0.00896,0.03922,0.05407,0.10519,-0.06458,-0.02887,0.02506,-0.01236,-0.01224,-0.05284,0.02103,-0.10912,0.08825,0.44535,-0.0122,0.01887,-0.14009,-0.14105,0.00178,0.00178,-0.60661,0.0,0.53912,0.06013,-0.00984,-0.03157,0.4526,-0.01218,0.17515,0.05841,-0.01269,0.02201,0.01843,0.03997,-0.09266,-0.3815,0.16152,-0.20453,0.01836,-0.22901,-0.25067,-0.04094,0.05439,-0.02005,0.08763,-0.01898,-0.09367,0.09899,0.04105,0.08615,0.05364,-0.03327,-0.09675,0.13822,0.00686,0.08922,0.24793,0.02225,-0.01526,-0.14528,-0.0062,0.04948,0.08594,0.00507,0.04728,0.01673,-0.03913,0.04487,-0.04013,0.06888,-0.00306,-0.31441,-0.02887,0.06453,0.02773,0.27916,0.04328,-0.03239,-0.02646,0.15434,-0.00586,0.13822,0.01066,0.01395,0.10585,-0.51903,-0.29154,0.00529,-0.04061,-0.04061,0.0,0.0,0.0,-0.04496,-0.01851,0.00323,-0.03081,0.02686,0.04265
26,-0.0538,0,-0.15304,0.01287,0.00434,-0.03531,0.01215,0.0732,-0.15662,-0.15315,0.04146,-0.09825,0.00756,0.00871,0.00705,0.00187,-0.01378,-0.03112,-0.00425,-0.17067,-0.00336,0.00542,0.0054,-0.00429,-0.00881,-0.00317,0.00464,-0.04391,0.00525,-0.02191,-0.00037,-0.02332,-0.06997,-0.03995,0.15906,0.06828,0.02622,-0.01577,-0.00032,0.02694,0.15697,0.08557,0.07003,0.0701,-0.05083,0.06484,-0.11944,-0.02408,0.10006,0.17314,0.00779,-0.00823,0.02369,-0.0241,-0.03242,0.03695,-0.00359,-0.02393,-0.02338,0.1107,-0.04807,-0.09861,-0.08723,0.07566,0.1539,0.11078,0.21773,-0.20986,0.20259,-0.00915,0.10917,0.10379,-0.00639,-0.02162,-0.01626,0.03654,0.02174,0.03263,-0.08373,-0.06631,-0.02033,0.00115,0.01185,0.02437,0.02785,-0.03586,-0.00179,0.06626,0.00435,-0.03483,-0.01396,-0.06879,0.00634,0.00434,-0.03531,-0.01443,-0.03351,0.04569,0.0071,-0.02033,0.02437,0.01173,0.01805,-0.02103,-0.02338,-0.0731,0.00607,0.07328,0.03032,-0.05611,-0.26072,-0.18139,-0.17628,-0.13662,0.08524,0.05015,-0.01187,0.05496,0.17635,0.12345,0.23532,0.00733,-0.0166,-0.10441,-0.10352,-0.12517,-0.01107,-0.27902,-0.04328,-0.43793,-0.10307,0.006,0.32432,0.32726,0.00178,0.00178,0.09875,0.0,-0.13478,0.06013,0.06045,-0.03157,-0.17601,-0.10347,0.17314,0.00531,-0.01269,0.01163,-0.01243,0.04321,-0.23074,0.09697,0.20922,-0.47078,-0.15549,-0.14821,-0.16866,0.01773,-0.09277,-0.12069,0.0776,-0.0211,-0.03505,0.08839,0.01266,0.03271,0.01596,-0.03327,-0.09675,-0.05409,0.00309,0.03965,0.10353,0.06362,0.01042,-0.08114,-0.00659,0.03086,0.07425,0.01876,0.01996,-0.01353,-0.03128,0.02946,-0.0299,0.04713,0.01128,-0.19932,-0.01817,0.0457,0.01675,0.11036,-0.07063,-0.15304,-0.03517,-0.10389,-0.01529,-0.05409,0.02747,0.0558,0.02809,-0.47122,-0.29154,0.00086,-0.04061,-0.04061,0.0,0.0,0.0,-0.02971,-0.01443,0.0032,-0.03046,0.12881,-0.01531
27,0.1435,1,0.11169,0.00255,0.03573,-0.04771,0.0232,0.0812,-0.1751,0.11177,-0.05024,0.13616,0.00676,0.01576,0.01034,0.0018,-0.01549,-0.04027,0.00144,-0.11306,-0.00162,0.0051,0.00557,-0.00476,-0.01004,-0.0042,0.01665,-0.01188,0.006,0.01709,0.00074,0.02075,-0.12028,-0.04379,0.17461,0.06911,0.04246,-0.01966,-0.00177,0.02694,0.1892,0.17018,0.19778,0.0871,-0.01712,-0.22988,-0.11944,-0.02537,0.00778,0.18374,0.00939,-0.01447,0.02377,-0.03048,-0.04036,0.05013,-0.00256,-0.03025,-0.02958,0.06778,-0.10617,-0.13193,-0.13963,0.08694,0.67854,0.18807,0.54109,-0.34583,0.27781,-0.0139,0.12387,0.09368,-0.00702,-0.02287,-0.02108,0.08699,0.05635,0.07951,0.00769,-0.06598,-0.02311,0.00147,0.01034,0.03383,0.13661,-0.00275,-0.03408,-0.07538,0.03527,-0.04703,-0.00532,-0.0784,0.01912,0.03573,-0.04771,-0.00546,-0.03258,0.05897,0.01967,-0.02311,0.03383,0.04747,0.04825,-0.02441,-0.02958,0.0551,-0.00087,0.01036,-0.00506,0.03923,0.03425,-0.07633,-0.126,-0.13151,0.16775,0.03884,-0.01703,0.04735,0.15216,0.05465,-0.33147,0.01891,0.08975,0.05381,0.05333,0.34586,-0.00016,0.34989,-0.01793,0.1258,0.0531,-0.06333,0.24011,0.24189,-0.00178,-0.00178,0.09875,0.0,-0.13478,0.06013,-0.00984,0.2315,-0.17601,0.05331,0.18374,-0.04779,-0.00025,-0.00914,-0.03785,-0.01166,-0.06989,0.20271,0.1591,-0.54385,-0.02211,-0.05606,0.0486,0.09633,-0.08391,-0.01147,0.08763,-0.02535,-0.03877,0.09291,0.0416,0.02622,0.05435,-0.03327,-0.09675,0.16037,0.01149,0.0604,0.36248,0.02803,-0.01632,0.07798,-0.01256,0.02323,0.12477,0.02688,-0.00566,-0.06124,-0.02886,0.01471,-0.02587,0.0881,-0.00691,0.06273,-0.00864,0.0212,0.00757,0.31256,0.04751,0.11169,-0.04751,0.14499,0.01079,0.16037,0.0546,0.10006,0.04245,-0.41207,-0.29154,0.00501,-0.04061,-0.04061,0.0,0.0,0.0,-0.01773,-0.00546,0.00339,-0.03143,-0.01754,0.03117
28,0.1464,1,-0.05406,0.03044,0.17413,-0.12023,0.06205,0.14825,-0.20591,-0.05415,-0.0157,-0.00404,0.03023,0.06406,0.04002,0.0046,-0.02908,-0.07765,0.02204,0.11717,-0.01055,0.01877,0.01709,-0.01142,-0.02297,-0.01008,0.07013,0.125,0.02578,-0.00852,-0.00315,-0.02691,-0.2279,-0.09092,0.34836,0.12125,0.09402,-0.03164,-0.00425,0.02694,0.34489,0.00821,-0.05389,0.12628,-0.19684,-0.22988,-0.11944,-0.05719,-0.11915,0.30749,0.00039,-0.06751,0.05193,-0.04719,-0.05493,0.11719,0.003,-0.04674,-0.04581,-0.06683,-0.13212,-0.19024,-0.18985,0.02218,0.67854,0.21384,0.57702,-0.34583,0.35303,-0.01548,0.37025,0.22755,-0.01184,-0.03183,-0.03086,0.11063,0.11022,0.11648,-0.14876,-0.17018,-0.04946,0.00334,0.02078,0.07589,0.19907,-0.05772,-0.372,-0.1437,0.17165,-0.11845,-0.04524,-0.07987,-0.12557,0.17413,-0.12023,-0.04688,-0.06117,0.09287,-0.1237,-0.04946,0.07589,0.06326,0.07909,-0.03777,-0.04581,0.15411,-0.00927,-0.07786,-0.04701,0.15135,0.43849,0.1723,0.1966,-0.01164,0.00925,0.03296,-0.01644,0.13307,-0.09638,-0.04205,-0.58611,-0.02705,0.10175,-0.02506,-0.02478,-0.17253,0.03894,-0.37553,0.10475,0.36628,-0.02475,-0.03085,-0.14009,-0.14062,0.00178,0.00178,0.09875,0.0,-0.13478,0.06013,-0.00984,-0.03157,0.4526,-0.02471,0.30749,0.11151,-0.01269,0.03239,-0.08925,0.03025,0.23782,0.41799,0.13846,-0.31804,0.09927,-0.07764,-0.25067,0.09633,0.10085,-0.01245,0.10768,-0.03277,-0.15782,0.21329,0.07996,0.0868,0.10256,-0.03327,-0.09675,0.24246,0.01595,0.10517,0.54197,-0.09289,-0.05439,0.24989,-0.01852,0.03779,0.23318,-0.04515,0.15268,0.04345,-0.0326,0.01949,-0.03085,-0.01477,0.03952,-0.22949,-0.02987,0.03145,0.02404,0.13859,-0.07547,-0.05406,-0.11961,0.3863,0.00915,0.24246,-0.04508,0.10926,0.08595,-0.29158,-0.29154,-0.00919,-0.04061,-0.04061,0.0,0.0,0.0,-0.08586,-0.04688,0.0053,-0.0597,-0.10148,0.00644
29,-0.0657,0,-0.05898,0.01983,0.01395,-0.06419,0.04983,0.18072,-0.23293,-0.05906,-0.00224,-0.00186,0.00864,0.03371,0.02584,0.00395,-0.02731,-0.07752,0.02497,0.14601,-0.0056,0.01247,0.01253,-0.00965,-0.0202,-0.00971,0.07244,0.13638,0.01362,0.01131,-1e-05,0.02207,-0.15495,-0.06119,0.2602,0.10349,0.08211,-0.03475,-0.00609,0.02694,0.25967,-0.05568,-0.15317,0.09451,-0.1918,-0.22988,-0.11944,-0.04833,-0.10577,0.26892,-0.01385,-0.06135,0.04086,-0.05443,-0.07035,0.09847,0.00093,-0.0539,-0.05283,-0.16346,-0.06691,-0.16845,-0.14069,-0.09538,0.50366,0.08502,0.32552,-0.30051,0.40318,-0.01548,0.27041,0.16761,-0.01144,-0.03889,-0.03557,0.11374,0.09295,0.11164,-0.10455,-0.14134,-0.04521,0.0032,0.01574,0.06376,0.15167,-0.05597,-0.29237,-0.09085,0.01384,-0.06337,-0.05457,-0.09236,-0.1523,0.01395,-0.06419,-0.0566,-0.06701,0.07039,-0.15032,-0.04521,0.06376,0.04761,0.06193,-0.04449,-0.05283,0.0832,-0.00727,-0.0706,-0.03674,0.11731,-0.29536,-0.09926,0.16011,-0.03114,-0.0535,0.03299,-0.0126,0.14659,-0.03917,0.01957,-0.83707,-0.02785,0.05686,-0.04832,-0.04776,-0.06834,0.01701,-0.18907,0.04765,0.15459,-0.04759,-0.01454,0.2937,0.29528,0.00178,0.00178,0.09875,0.0,-0.13478,0.06013,-0.00984,-0.03157,-0.17601,-0.04768,0.26892,0.05841,-0.01269,0.02201,0.07839,0.08641,0.1196,-0.31078,0.16422,-0.25983,0.09145,-0.26024,0.18386,0.05137,0.07813,-0.02562,0.10768,-0.03277,-0.15044,0.13424,0.10222,0.1291,0.12809,-0.03327,-0.09675,0.12942,0.01439,0.10735,0.35973,-0.07976,-0.03076,-0.10538,-0.01811,0.0555,0.15322,-0.05279,0.09888,-0.0221,-0.06817,0.04386,-0.0549,-0.13678,0.04476,-0.34136,-0.04114,0.05358,0.03546,-0.45246,-0.25058,-0.05898,-0.0639,0.12521,-0.0132,0.12942,-0.05891,0.20612,0.11934,-0.19716,-0.29154,0.00328,-0.04061,-0.04061,0.0,0.0,0.0,-0.0538,-0.0566,0.00459,-0.06222,0.06103,0.00223
30,0.0,0,0.14174,-0.00194,0.06098,-0.07644,0.04032,0.24891,-0.24675,0.14185,-0.06015,0.15052,0.00668,0.02289,0.02081,0.00409,-0.02895,-0.08489,0.03241,0.23274,-0.00281,0.01024,0.01135,-0.00974,-0.02096,-0.01084,0.08797,0.18221,0.00937,0.0321,0.00198,0.06564,-0.12888,-0.05212,0.22593,0.09172,0.07559,-0.04064,-0.00831,0.02694,0.22283,-0.17411,-0.34083,0.07204,-0.24094,-0.22988,-0.11944,-0.04906,-0.08488,0.20655,-0.03001,-0.05296,0.00735,-0.06501,-0.08694,0.10239,0.00074,-0.06432,-0.06307,-0.24263,-0.1966,-0.16566,-0.20998,-0.18038,0.5911,0.16231,0.46923,-0.32317,0.32796,-0.01443,0.19655,0.15029,-0.01239,-0.04597,-0.04169,0.14968,0.12166,0.14665,0.00779,-0.11555,-0.04391,0.00333,0.01209,0.05005,0.1792,-0.01507,-0.1566,-0.11575,0.06031,-0.07548,-0.04313,-0.09425,-0.21025,0.06098,-0.07644,-0.04465,-0.08284,0.08858,-0.20812,-0.04391,0.05005,0.06164,0.09503,-0.04831,-0.06307,0.03496,-0.00513,-0.05804,-0.02554,0.0849,0.12627,0.02615,0.16078,0.1266,-0.1698,0.00334,-0.0061,0.18106,6e-05,0.0891,-0.72197,0.02415,0.02778,0.07574,0.07477,-0.17253,-0.00916,-0.37553,-0.03274,-0.43983,0.07456,0.03423,0.15336,0.15396,-0.00178,-0.00178,0.09875,0.0,-0.13478,0.06013,-0.00984,0.2315,-0.17601,0.07471,0.20655,-0.04779,-0.00025,-0.00914,0.12096,-0.06766,0.06172,-0.36788,0.16329,-0.20749,0.08497,-0.36745,-0.03341,0.06268,-0.0774,0.00367,0.08763,-0.03065,-0.17139,0.1298,0.10713,0.13586,0.13342,-0.03327,-0.09675,0.15116,0.01933,0.12535,0.40816,-0.07897,-0.0233,0.17853,-0.0252,0.05697,0.18498,-0.04172,0.06226,-0.02404,-0.06245,0.03706,-0.04173,-0.10692,0.02516,-0.18732,-0.03718,0.05466,0.02387,-0.38825,-0.14189,0.14174,-0.07608,0.20792,0.00351,0.15116,-0.02509,0.14511,0.12509,-0.0586,-0.29154,0.01137,-0.04061,-0.04061,0.0,0.0,0.0,-0.01485,-0.04465,0.00324,-0.05887,-0.08303,-0.06681
31,-0.0,0,-0.19772,0.02658,0.0995,-0.0635,0.05446,0.2341,-0.2644,-0.19783,0.03719,-0.10101,0.02119,0.04384,0.02944,0.00509,-0.03372,-0.10022,0.0436,0.3671,-0.00892,0.0164,0.01594,-0.01223,-0.02591,-0.01344,0.11529,0.25742,0.0188,-0.02253,-0.00128,-0.02148,-0.22455,-0.08331,0.24945,0.10123,0.07952,-0.04263,-0.01008,0.02694,0.24915,-0.24861,-0.46775,0.08223,-0.3108,-0.22988,-0.11944,-0.06049,-0.11869,0.30749,-0.03645,-0.06751,0.00242,-0.0705,-0.09973,0.08252,-0.00152,-0.06967,-0.06837,-0.18399,-0.13754,-0.14877,-0.1672,-0.19194,0.67854,0.18807,0.54109,-0.34583,0.40318,-0.01654,0.19986,0.17213,-0.01425,-0.04839,-0.04532,0.13338,0.11144,0.13189,-0.14541,-0.16874,-0.05558,0.00417,0.01911,0.07589,0.18167,-0.06607,-0.32475,-0.08419,0.09846,-0.06282,-0.03897,-0.12257,-0.24674,0.0995,-0.0635,-0.04027,-0.10066,0.10082,-0.24444,-0.05558,0.07589,0.05955,0.06192,-0.05016,-0.06837,0.08323,-0.00742,-0.08237,-0.03663,0.11205,-0.07283,-0.00126,0.04994,-0.09996,-0.24322,0.02949,-0.00073,0.16702,0.04637,0.00398,-0.60312,0.00834,0.03431,-0.11376,-0.11218,-0.17253,0.01356,-0.37553,0.01394,-0.16616,-0.11174,-0.07318,-0.04312,-0.04311,0.00178,0.00178,0.09875,0.0,-0.13478,0.06013,-0.00984,-0.03157,-0.17601,-0.11214,0.30749,0.11151,-0.01269,0.03239,0.02492,0.04319,-0.03207,-0.43179,0.13302,-0.0899,0.07264,-0.45562,0.1306,-0.12927,-0.05367,-0.28802,0.10768,-0.03277,-0.22481,0.14812,0.09291,0.12461,0.11767,-0.03327,-0.09675,0.03056,0.01616,0.08216,0.28687,-0.04056,-0.00621,0.0766,-0.02237,0.04785,0.14049,-0.04481,0.05443,0.05534,-0.06068,0.03848,-0.03604,-0.07434,0.01247,-0.21694,-0.04968,0.06355,0.02695,-0.38441,-0.10759,-0.19772,-0.06322,0.02019,-0.01803,0.03056,-0.03643,0.41474,0.15597,0.0806,-0.29154,-0.00177,-0.04061,-0.04061,0.0,0.0,0.0,-0.07347,-0.04027,0.0053,-0.08697,0.0238,0.01317
32,-0.0556,0,0.08497,-0.00947,-0.03241,-0.02706,0.01699,0.12405,-0.24835,0.08501,-0.04007,0.12369,-0.00394,0.00507,0.00752,0.00317,-0.02588,-0.08593,0.04018,0.33161,0.00015,0.00485,0.00689,-0.00779,-0.01798,-0.01091,0.10028,0.22868,0.0015,0.03363,0.0034,0.06136,-0.03466,-0.0332,0.16421,0.06981,0.06181,-0.04041,-0.01133,0.02694,0.16138,-0.23179,-0.45505,0.03423,-0.22185,0.06484,-0.11944,-0.03996,-0.02666,0.23625,-0.04551,-0.05696,-0.00466,-0.07051,-0.10864,0.03588,-0.00572,-0.06971,-0.06834,-0.13168,-0.09156,-0.04562,-0.07831,-0.15994,0.5911,0.21384,0.54109,-0.32317,0.22766,-0.01232,0.08584,0.09717,-0.01192,-0.04773,-0.04694,0.14505,0.0463,0.11357,0.08135,-0.09558,-0.04323,0.00347,0.00631,0.0456,0.17117,-0.00994,0.19688,-0.03401,-0.03205,-0.02681,-0.03022,-0.10972,-0.21844,-0.03241,-0.02706,-0.03122,-0.04301,0.07977,-0.21618,-0.04323,0.0456,0.03127,0.04406,-0.04778,-0.06834,-0.02726,-0.00063,-0.02033,-0.00231,0.01334,-0.19194,-0.15982,-0.05471,-0.11213,-0.22727,0.02602,0.00391,0.16443,-0.03684,-0.05054,-0.2438,0.01436,-0.02563,0.03763,0.0371,-0.17253,0.01785,-0.37553,0.06163,0.11348,0.03689,0.00283,0.25797,0.25874,-0.00178,-0.00178,0.09875,0.0,-0.13478,0.06013,-0.00984,-0.03157,-0.17601,0.03711,0.23625,-0.04779,0.02463,-0.0299,0.13733,-0.04533,-0.13791,-0.26277,0.09511,0.01941,0.01855,-0.48738,-0.25067,0.05137,-0.08834,-0.12159,0.0776,-0.02959,-0.13261,0.08675,0.10178,0.13205,0.12761,-0.03327,-0.09675,0.00665,0.01777,0.06415,0.27084,0.00096,0.01134,-0.01915,-0.02512,0.03902,0.13511,-0.0224,0.01237,-0.07891,-0.07643,0.03126,-0.04011,-0.1066,0.01531,-0.05261,-0.04165,0.04221,0.01923,-0.19666,-0.02898,0.08497,-0.02696,-0.00211,-0.01948,0.00665,-0.02309,0.34015,0.11002,0.23416,-0.29154,0.01571,-0.04061,-0.04061,0.0,0.0,0.0,0.02867,-0.03122,0.00371,-0.07562,0.06669,0.06478
33,-0.0549,0,-0.17416,0.00779,0.04145,-0.01232,0.0215,0.14486,-0.27177,-0.17427,0.0493,-0.08649,0.00976,0.0144,0.01153,0.00286,-0.02609,-0.08798,0.04481,0.38673,-0.00414,0.00782,0.00842,-0.0081,-0.0185,-0.01141,0.10913,0.25799,0.00719,-0.02108,0.00042,-0.02188,-0.14738,-0.05875,0.1772,0.06953,0.06027,-0.03546,-0.01191,0.02694,0.17819,-0.08564,-0.2471,0.05854,-0.15565,-0.22988,-0.11944,-0.04212,-0.01329,0.27505,-0.0244,-0.06328,-0.00455,-0.06571,-0.10955,-0.01014,-0.00721,-0.06494,-0.06366,0.03097,-0.06918,-0.02984,-0.05632,-0.07088,0.32878,0.16231,0.36144,-0.25518,0.30288,-0.01232,0.10263,0.08413,-0.01167,-0.04133,-0.04475,0.08548,0.04975,0.07589,-0.07967,-0.10268,-0.04317,0.00355,0.00455,0.0622,0.14001,-0.05841,0.10234,0.07322,0.04108,-0.01225,-0.01396,-0.10408,-0.24095,0.04145,-0.01232,-0.01438,-0.05068,0.08958,-0.23864,-0.04317,0.0622,0.03135,0.03606,-0.04191,-0.06366,-0.00546,-0.0002,-0.01118,7e-05,0.00938,-0.24146,-0.08217,-0.14165,-0.11184,-0.08435,0.01593,0.0067,0.19046,-0.09818,-0.04858,-0.14769,0.00304,-0.04374,-0.09566,-0.09434,-0.01667,-0.00328,-0.1145,-0.02089,-0.19807,-0.09393,-0.02595,-0.13498,-0.13525,0.00178,0.00178,0.09875,0.0,-0.13478,0.06013,0.06045,-0.03157,-0.17601,-0.09428,0.27505,0.00531,-0.01269,0.01163,0.10926,0.03756,-0.20522,-0.01627,0.05281,0.09615,-0.05769,-0.44297,-0.25067,0.0877,-0.08834,-0.11195,0.09765,-0.03171,-0.10019,0.09697,0.06338,0.09639,0.08227,-0.03327,-0.09675,-0.13083,0.01156,-0.00581,0.16182,0.01399,0.02208,0.0556,-0.02184,0.01156,0.10665,0.01692,-0.06209,0.03289,-0.05977,0.01432,-0.02655,-0.00677,-0.01085,-0.02003,-0.04572,0.03331,0.01821,0.00628,0.05176,-0.17416,-0.0123,-0.14021,0.00566,-0.13083,0.0272,0.26934,0.10525,0.3251,0.31584,0.0027,-0.04061,-0.04061,0.0,0.0,0.0,0.02041,-0.01438,0.00466,-0.07081,0.07281,0.08394
34,0.1175,1,0.12598,0.00728,0.00884,-0.0212,0.0079,0.06179,-0.2548,0.12607,-0.03666,0.1474,0.0039,0.01,0.00585,0.002,-0.02277,-0.08213,0.04584,0.39794,-0.0008,0.00433,0.00561,-0.00653,-0.01562,-0.01058,0.10706,0.26087,0.00335,0.01425,0.00187,0.02039,-0.06825,-0.03475,0.15884,0.05949,0.05412,-0.03331,-0.01249,0.02694,0.15893,0.05757,-0.00644,0.06732,-0.06655,0.06484,-0.11944,-0.03448,0.0329,0.2167,0.0123,-0.05891,-0.01425,-0.06328,-0.10781,-0.02187,-0.00608,-0.06254,-0.06129,0.08652,-0.06345,-0.1064,-0.10047,0.04954,0.5911,0.21384,0.54109,-0.32317,0.3781,-0.01548,0.07324,0.05843,-0.01032,-0.03638,-0.04331,0.09494,0.0235,0.07162,0.01577,-0.06615,-0.03572,0.00316,-0.00349,0.04006,0.15576,-0.00614,0.34509,0.06329,0.00881,-0.02103,-0.01739,-0.08051,-0.243,0.00884,-0.0212,-0.01792,-0.03614,0.09049,-0.24069,-0.03572,0.04006,0.03158,0.05074,-0.03871,-0.06129,-0.04322,0.00273,0.02044,0.01501,-0.02676,-0.0598,0.14152,-0.18377,-0.05772,0.05595,0.03536,0.00905,0.18435,-0.0348,0.05177,0.15167,0.02301,-0.06042,0.06304,0.06213,-0.17253,-0.00058,-0.37553,0.00238,-0.23392,0.06201,0.02523,0.22991,0.23041,-0.00178,-0.00178,0.09875,0.0,-0.13478,0.06013,-0.00984,-0.03157,-0.17601,0.06209,0.2167,-0.04779,-0.00025,-0.00914,-0.0272,-0.12973,-0.15396,-0.21834,0.01668,0.13141,-0.13703,-0.34,0.0486,0.0877,-0.09277,-0.32647,0.09765,-0.03171,-0.05893,0.07862,0.08095,0.096,0.10375,-0.03327,-0.09675,0.2254,0.01625,-0.00954,0.32141,0.02545,0.02767,-0.02865,-0.01881,-0.00898,0.09523,0.02099,-0.08636,-0.06959,-0.05969,-0.0024,-0.02915,0.00015,-0.01876,0.16728,-0.03005,-0.00126,0.01127,0.06997,0.10115,0.12598,-0.02115,0.32804,0.0072,0.2254,0.01958,0.11168,0.04449,0.4089,0.31584,0.00756,-0.04061,-0.04061,0.0,0.0,0.0,0.06326,-0.01792,0.00394,-0.03541,0.01518,0.05761
35,0.1191,1,0.08193,-0.02751,-0.04974,0.01806,-0.00321,0.03244,-0.11392,0.08196,-0.01751,0.0978,-0.01753,-0.01699,-0.00746,0.00034,-0.01458,-0.06319,0.0408,0.33519,0.00434,-0.00364,-0.00117,-0.0026,-0.00812,-0.00771,0.08705,0.21847,-0.00819,0.03494,0.00406,0.05016,0.18388,0.05872,0.0252,0.02832,0.04154,-0.02596,-0.01229,0.02694,0.00388,0.14367,0.15218,0.04143,0.03722,0.06484,-0.11944,-0.01238,0.08493,0.09793,0.02421,-0.04966,-0.01443,-0.05411,-0.10189,-0.06958,-0.00686,-0.05352,-0.05239,0.1605,0.03153,-0.0569,-0.01789,0.10582,0.32878,0.21384,0.4333,-0.25518,0.40318,-0.01443,-0.06824,0.00593,-0.00687,-0.0295,-0.03689,0.06802,-0.00562,0.04236,0.10468,0.00995,-0.01853,0.00212,-0.02157,-0.02146,0.05312,0.06883,0.38291,0.12674,-0.04922,0.01781,0.00357,-0.05649,-0.24928,-0.04974,0.01806,0.00372,0.00541,0.07318,-0.24714,-0.01853,-0.02146,0.00662,0.01829,-0.03399,-0.05239,-0.08773,0.00603,0.05644,0.03157,-0.0679,-0.00784,0.1095,-0.14463,-0.0442,0.1404,0.03404,0.00921,0.17603,0.18452,0.07406,0.42257,0.00491,-0.06763,0.04889,0.04823,0.08322,-0.01255,0.25406,-0.04824,-0.11512,0.04808,0.03283,-0.02016,-0.02005,-0.00178,-0.00178,0.09875,0.0,-0.13478,0.06013,-0.00984,-0.03157,-0.17601,0.04822,0.09793,-0.04779,0.01219,-0.01952,-0.04118,0.00509,-0.2209,0.3336,-0.02151,0.14553,-0.12373,-0.0962,0.18386,0.03766,-0.06461,-0.15039,-0.01263,-0.02004,0.01619,0.03,0.05017,0.08786,0.06549,-0.03327,-0.09675,-0.17948,0.0086,-0.04595,0.10771,0.04926,0.02709,0.06435,-0.01862,-0.01144,0.11652,0.02469,-0.06952,0.04911,-0.04962,-0.00667,-0.02617,0.04358,-0.02604,-0.3181,-0.04189,-0.00311,0.02143,0.12599,0.12687,0.08193,0.01793,-0.20746,-0.00287,-0.17948,0.03109,-0.11167,-0.01144,0.44623,0.31584,0.01501,-0.04061,-0.04061,0.0,0.0,0.0,0.14408,0.00372,0.00246,-0.00993,0.0788,-0.04202
36,-0.0609,0,0.22519,-0.05602,-0.09727,0.10998,-0.02971,-0.07816,-0.04399,0.22545,-0.02707,0.16233,-0.03244,-0.05591,-0.03068,-0.002,-0.00247,-0.03411,0.03047,0.21396,0.01114,-0.01417,-0.01026,0.00286,0.00244,-0.00334,0.05322,0.14027,-0.02347,0.05017,0.00674,0.08642,0.29256,0.10292,-0.30004,-0.0527,0.0229,-0.01452,-0.0112,0.02694,-0.31564,0.18058,0.23147,-0.01375,0.15271,0.06484,0.25381,0.01661,-0.05365,-0.20816,0.04568,-0.03247,-0.01475,-0.0387,-0.08862,-0.13234,-0.00734,-0.03834,-0.03747,0.16221,0.10011,0.03592,0.077,0.16271,0.06646,-0.14685,-0.17749,-0.18719,0.40318,-0.01285,-0.3599,-0.08897,-0.00182,-0.01809,-0.02658,-0.03644,-0.04096,-0.04022,0.11836,0.07594,0.00307,0.00063,-0.03937,-0.05613,-0.0735,0.07808,0.38291,0.12433,-0.09621,0.10882,0.01453,2e-05,-0.21996,-0.09727,0.10998,0.01504,0.02347,0.01842,-0.218,0.00307,-0.05613,-0.01824,-0.03877,-0.01928,-0.03747,0.10217,-0.0045,-0.03793,-0.02268,0.07805,0.27646,0.26147,0.02338,0.2305,0.17664,-0.01263,0.00687,0.05716,-0.02053,-0.01884,0.39208,0.02846,0.04104,0.13543,0.13385,-0.10451,-0.0133,-0.2735,-0.05158,-0.48293,0.13347,-0.04794,-0.07885,-0.07897,-0.00178,-0.00178,0.09875,0.0,-0.13478,-0.69149,-0.00984,-0.03157,-0.17601,0.13363,-0.20816,-0.04779,0.01219,-0.01952,0.22384,-0.12544,-0.22677,0.59424,-0.05033,0.13915,-0.00114,0.36703,-0.16866,0.06268,-0.05367,-0.0667,-0.08282,-0.0105,0.09631,-0.06048,-0.01187,0.01201,-0.01666,-0.03327,-0.09675,-0.29532,0.0034,-0.09545,-0.20997,-0.02327,-0.0082,0.14201,-0.01335,-0.03352,0.07858,0.02031,-0.04186,0.03168,-0.02642,-0.024,-0.00222,0.09175,-0.02919,0.23358,-0.02258,-0.02111,0.00783,0.24237,0.12418,0.22519,0.10955,-0.49877,0.03124,-0.29532,0.01544,-0.30853,-0.07393,0.41578,0.31584,0.02389,-0.04061,-0.04061,0.0,0.0,0.0,0.17876,0.01504,-0.00028,0.037,-0.06055,-0.15329
37,0.1288,1,-0.05007,0.04214,0.1401,0.00479,-0.00591,0.05108,-0.09361,-0.05016,0.00718,-0.0199,0.02479,0.02375,0.0097,0.00082,-0.01252,-0.05787,0.04553,0.39335,-0.00592,0.00677,0.00549,-0.0044,-0.01051,-0.00818,0.09464,0.24744,0.01092,-0.05703,-0.00298,-0.08818,-0.0819,-0.01776,0.0669,0.03519,0.04169,-0.01327,-0.01062,0.02694,0.06208,0.16802,0.22462,0.05994,0.02503,0.06484,-0.11944,-0.02199,-0.0856,0.1298,0.04234,-0.05438,-0.00587,-0.03373,-0.07259,-0.09094,-0.0042,-0.03339,-0.03266,0.17899,-0.06707,-0.07072,-0.08041,0.15975,-0.19587,-0.12109,-0.24935,-0.11921,0.3781,-0.01073,0.07335,0.02583,-0.0047,-0.00901,-0.02207,0.02745,0.02258,0.02701,-0.11103,-0.04822,-0.02083,0.00209,-0.01455,0.0304,0.01448,-0.05443,0.03328,0.05279,0.13848,0.00468,0.00763,-0.03047,-0.27491,0.1401,0.00479,0.0079,-0.00393,0.04383,-0.27279,-0.02083,0.0304,0.01985,0.05087,-0.01097,-0.03266,0.08563,-0.00612,-0.06056,-0.03018,0.0883,0.24636,0.66099,0.02468,0.31649,0.16429,-0.03513,0.00312,0.0121,-0.37603,-0.20789,-0.10147,-0.02126,0.05562,-0.00732,-0.00724,0.09786,-0.00667,0.74213,-0.00149,0.48113,-0.00717,0.08359,-0.46925,-0.47039,0.00178,0.00178,-0.60661,0.0,0.53912,0.06013,-0.00984,-0.03157,0.4526,-0.00718,0.1298,0.11151,-0.01269,0.03239,0.15111,-0.00567,-0.28146,0.62538,-0.06549,0.16251,-0.0106,0.3151,-0.25067,0.0877,-0.14023,0.04376,0.00742,-0.02216,-0.00179,0.05351,-0.03497,-0.06376,-0.04654,-0.03327,-0.09675,0.36548,0.00628,-0.11911,0.03792,-0.12371,-0.04941,0.07386,-0.00127,-0.0725,-0.12064,-0.01409,0.03019,0.08834,0.00274,-0.0468,0.04713,-0.06602,0.01825,0.39142,-0.00944,-0.04556,-0.01238,-0.11214,-0.03812,-0.05007,0.00465,0.52908,0.05349,0.36548,0.02985,-0.37974,0.01167,0.38304,0.31584,-0.01461,-0.04061,-0.04061,0.0,0.0,0.0,0.04618,0.0079,0.0033,-0.00603,-0.05043,-0.11711
38,-0.0656,0,0.24144,-0.02945,-0.0997,-0.01015,-0.02532,-0.09468,0.03139,0.24173,-0.04784,0.15361,-0.02487,-0.01831,-0.01184,-0.00125,-0.00049,-0.02945,0.03383,0.26852,0.00681,-0.00774,-0.00557,0.00134,0.00033,-0.00376,0.06003,0.167,-0.01091,0.0629,0.0039,0.06804,0.14014,0.05061,-0.18877,-0.07167,0.02071,-0.00943,-0.00985,0.02694,-0.18655,0.15181,0.20177,0.00034,0.10923,0.06484,0.25381,0.00817,-0.04522,-0.11893,0.04219,-0.03164,0.01709,-0.02693,-0.06168,-0.09208,-0.00362,-0.0267,-0.02608,0.21835,0.0312,0.04903,0.04737,0.19193,-0.45819,-0.0438,-0.24935,-0.05122,-0.12336,0.0014,-0.25605,-0.10788,-2e-05,-0.00663,-0.01743,-0.03182,-0.01858,-0.02827,0.12428,0.04636,-0.0006,0.00077,-0.02533,-0.03329,-0.00073,0.06687,0.32925,0.07012,-0.09866,-0.01009,0.01463,0.01231,-0.1707,-0.0997,-0.01015,0.01513,0.02628,0.01143,-0.16864,-0.0006,-0.03329,0.00773,-0.01084,-0.01228,-0.02608,0.03837,-0.00306,-0.03301,-0.01514,0.0429,0.02414,0.43784,-0.01905,0.3402,0.1484,-0.04502,0.00076,0.01371,-0.4832,-0.21444,-0.23182,0.02528,0.03515,0.13471,0.13308,0.05222,-0.0133,-0.07993,-0.05158,-0.35516,0.13255,-0.07677,0.1406,0.14117,-0.00178,-0.00178,0.09875,0.0,-0.13478,0.06013,-0.00984,0.2315,-0.17601,0.13286,-0.11893,-0.04779,0.02463,-0.0299,0.10571,0.04175,-0.21547,0.24205,-0.10041,0.13374,-0.07428,0.05521,-0.25067,0.06268,-0.03216,-0.26086,-0.06276,-0.00732,0.07611,-0.03174,0.0292,0.03371,0.03801,-0.03327,-0.09675,-0.00691,0.00524,-0.07374,-0.01117,0.01384,0.00425,-0.05662,-0.00791,-0.03962,0.00334,-0.00562,0.01175,-0.02052,-0.02953,-0.03176,-0.01121,-0.08784,0.02462,-0.50898,-0.01672,-0.05726,0.00339,-0.60308,-0.22768,0.24144,-0.01019,0.06407,-0.0111,-0.00691,0.01543,-0.22262,-0.02983,0.36252,0.31584,0.01238,-0.04061,-0.04061,0.0,0.0,0.0,0.11244,0.01513,0.0005,0.02562,-0.02642,-0.08718
39,-0.0571,0,0.06865,-0.00603,-0.10497,0.11839,-0.021,-0.12407,0.07687,0.06867,0.01087,0.02948,-0.02383,-0.05323,-0.02671,-0.00294,0.01011,-0.00192,0.02224,0.14061,0.00763,-0.01298,-0.01102,0.00535,0.00856,0.00016,0.02662,0.08594,-0.01946,-0.00722,0.0032,0.01288,0.19053,0.0642,-0.22877,-0.09698,-0.00259,0.00494,-0.00756,-0.01388,-0.22672,-0.01033,-0.10212,-0.08218,0.12458,0.06484,0.25381,0.0295,-0.03165,-0.19487,0.0093,-0.0097,0.01679,-0.00643,-0.04136,-0.16164,-0.00501,-0.00641,-0.00622,0.05828,0.10122,0.14101,0.14252,0.15017,-0.54563,-0.14685,-0.42899,0.01677,-0.22365,0.0051,-0.30697,-0.20749,0.00425,0.00577,-0.00551,-0.08679,-0.06178,-0.08154,0.13952,0.10548,0.01563,-0.00037,-0.02605,-0.05238,-0.14535,0.03601,0.38291,0.14911,-0.10369,0.11701,0.025,0.03846,-0.14305,-0.10497,0.11839,0.02587,0.04164,-0.02968,-0.14121,0.01563,-0.05238,-0.04208,-0.05208,0.00707,-0.00622,-0.00153,-0.00163,-0.0236,-0.00845,0.0142,0.53732,0.02702,0.1757,0.27827,-0.0107,-0.06562,-0.00261,-0.0399,-0.50538,-0.22274,-0.21766,-0.02003,0.01105,0.02252,0.02229,0.23564,-0.00705,0.55497,-0.0255,0.21681,0.02228,0.02242,0.3728,0.37505,-0.00178,-0.00178,0.09875,0.0,0.53912,0.06013,-0.00984,-0.03157,-0.17601,0.02232,-0.19487,-0.04779,-0.00025,-0.00914,0.04022,0.08266,-0.20845,-0.0556,-0.10702,0.10132,0.07099,0.09929,0.40112,0.12135,-0.01938,-0.21826,-0.08282,0.00435,0.10325,-0.12289,-0.0521,-0.02407,-0.06773,-0.03327,-0.09675,0.02171,-0.00407,-0.1527,-0.33155,-0.03771,-0.01514,-0.23975,0.00582,-0.06563,-0.18122,-0.04136,0.08145,0.09476,-0.00222,-0.03217,0.02719,-0.04409,0.01568,-0.00156,-0.01409,-0.03484,0.00027,0.06926,0.01915,0.06865,0.11797,-0.01434,-0.01649,0.02171,-0.01155,-0.04983,-0.07728,0.25394,0.31584,0.00824,-0.04061,-0.04061,0.0,0.0,0.0,0.11953,0.02587,-0.00246,0.03468,-0.13341,-0.00998
40,-0.0567,0,-0.02946,0.01809,0.0394,-0.017,-0.03385,-0.05917,0.07815,-0.02953,0.00538,-0.02874,0.00847,-0.00352,-0.00914,-0.0016,0.00653,-0.00714,0.02659,0.19608,-0.00092,-0.00208,-0.00292,0.00196,0.00288,-0.00149,0.03899,0.11767,-0.00045,-0.03908,-0.00191,-0.06782,0.0516,0.02461,-0.10819,-0.04989,0.00098,0.00811,-0.00601,-0.01388,-0.10542,-0.07623,-0.21254,-0.06049,0.04212,0.06484,0.25381,0.01157,0.01822,-0.11953,0.00452,-0.00914,0.03788,0.00187,-0.02113,-0.12683,-0.00318,0.00181,0.00182,0.01571,0.02519,0.03161,0.03332,0.03871,-0.45819,-0.09533,-0.3212,0.08476,-0.17351,0.00563,-0.09529,-0.11161,0.00301,0.01427,0.00053,-0.06306,-0.03844,-0.05667,-0.08125,0.04477,0.0067,0.00011,-0.01654,-0.02989,-0.10668,0.00917,0.17913,0.10506,0.03895,-0.01685,0.02752,0.03086,-0.13746,0.0394,-0.017,0.02845,0.00363,-0.01526,-0.13559,0.0067,-0.02989,-0.01253,-0.0244,0.01545,0.00182,-0.03768,0.00176,0.01121,0.00902,-0.03637,-0.28682,-0.38145,0.21382,-0.05655,-0.07518,-0.05709,-0.0056,-0.03887,-0.17991,-0.21748,0.30414,-0.01804,-0.02144,-0.04172,-0.04128,0.28644,0.00143,0.39935,-0.00608,0.22797,-0.04119,-0.02506,0.52079,0.52386,0.00178,0.00178,0.09875,0.0,-0.13478,0.06013,-0.00984,-0.03157,-0.17601,-0.0412,-0.11953,0.05841,-0.01269,0.02201,-0.08303,0.07189,-0.07787,-0.43437,-0.11157,0.06128,0.10843,-0.032,0.0486,0.09633,0.01973,-0.26587,-0.03268,0.00117,0.02045,-0.08168,-0.08282,-0.10403,-0.10283,-0.03327,-0.09675,0.14732,-0.00278,-0.15142,-0.18525,0.03487,0.01548,-0.02416,0.00779,-0.08321,-0.12041,0.00781,-0.01957,0.02643,0.01969,-0.05745,0.0334,-0.02463,0.00516,-0.04055,0.00942,-0.07386,-0.02012,-0.18273,-0.07005,-0.02946,-0.01693,0.20001,-0.01155,0.14732,-0.05355,-0.08317,-0.04572,0.16464,0.31584,-0.01186,-0.04061,-0.04061,0.0,0.0,0.0,0.06076,0.02845,-0.00155,0.0209,0.11495,0.04956
41,-0.0583,0,0.18316,-0.0114,0.01042,-0.04026,0.01005,-0.08897,0.07716,0.18334,-0.06313,0.10201,-0.00426,0.00535,0.00217,-0.00089,0.00545,-0.00572,0.02722,0.21468,0.00178,-0.00207,-0.00206,0.00124,0.00167,-0.00175,0.04107,0.12536,0.00034,0.03565,0.00018,0.01946,-0.02376,0.01247,-0.07821,-0.03796,-0.00153,0.0034,-0.00549,-0.01388,-0.07633,-0.00579,-0.0569,-0.02545,0.03675,0.06484,-0.11944,0.00659,-0.05455,-0.10186,0.01588,-0.01025,0.03789,-0.00084,-0.01189,-0.05511,6e-05,-0.00088,-0.00081,0.12722,-0.01702,-0.00444,-0.01206,0.0569,-0.37075,-0.01803,-0.17749,0.15275,-0.09829,0.00563,-0.09065,-0.07783,0.00304,0.0109,-0.00051,-0.00749,0.0043,-0.00319,0.05808,0.02631,0.00361,0.00023,-0.01303,-0.02606,-0.0264,0.03995,0.11731,-0.00092,0.01036,-0.03977,0.02415,0.03947,-0.14501,0.01042,-0.04026,0.02497,0.03964,-0.02149,-0.14311,0.00361,-0.02606,0.0079,-0.00711,0.00771,-0.00081,0.07435,-0.00389,-0.03813,-0.0198,0.03733,-0.1163,0.01031,-0.09432,0.1001,-0.00586,-0.05611,-0.00828,-0.03639,-0.11847,-0.23466,-0.36224,0.00645,0.02962,0.09108,0.09008,0.00486,0.00488,-0.12913,-0.00539,-0.11683,0.08986,-0.06454,0.33963,0.34129,-0.00178,-0.00178,0.09875,0.0,-0.13478,0.06013,-0.00984,0.2315,-0.17601,0.08998,-0.10186,-0.04779,-0.00025,-0.00914,-0.0844,0.01911,-0.01004,-0.46442,-0.12994,-0.01523,-0.05696,0.03576,0.0486,0.0877,-0.06461,-0.19544,-0.02266,0.00329,0.01683,-0.05856,-0.03018,-0.06,-0.04045,-0.03327,-0.09675,0.10541,0.00276,-0.06094,-0.00051,-0.00551,-0.00046,0.11042,-0.00145,-0.04684,-0.02308,0.0104,-0.02322,-0.01237,0.00764,-0.0448,0.01466,0.02616,-0.00902,-0.21171,0.00617,-0.07323,-0.01081,0.17205,0.07078,0.18316,-0.0401,0.16009,0.01349,0.10541,-0.01941,-0.01827,0.00292,0.1216,0.31584,-0.00234,-0.04061,-0.04061,0.0,0.0,0.0,0.04158,0.02497,-0.00068,0.01943,0.01391,-0.00977
42,-0.0622,0,0.18421,0.00172,-0.00298,0.02013,0.01551,-0.0862,0.04787,0.18439,-0.03718,0.10274,-0.00865,-0.00693,6e-05,-0.00057,0.0053,-0.0014,0.02636,0.2169,0.00241,-0.00243,-0.00204,0.00112,0.00156,-0.00156,0.03924,0.12292,-0.0031,0.02171,0.00098,0.03763,0.06021,0.00522,-0.06661,-0.0328,-0.00837,0.0017,-0.00491,-0.01388,-0.0646,0.04744,0.05496,-0.00457,0.04168,0.06484,-0.11944,0.00589,-0.05516,-0.11257,0.02161,-0.00833,0.03787,-0.00136,-0.0076,-0.02811,0.00217,-0.00139,-0.00131,0.21108,0.00181,-0.07954,-0.04814,0.14736,-0.54563,0.05926,-0.14156,0.22073,-0.02307,0.00563,-0.02791,-0.05444,0.00271,0.00642,-0.00049,-0.06149,-0.01781,-0.04742,0.04958,0.02132,0.00298,0.00021,-0.01091,-0.02782,-0.04823,0.03303,0.06064,0.0031,-0.00287,0.01979,-0.00648,0.03475,-0.13734,-0.00298,0.02013,-0.00666,0.01274,-0.02386,-0.13547,0.00298,-0.02782,0.00632,-0.0024,0.00544,-0.00131,0.06305,-0.00381,-0.03849,-0.01943,0.03193,-0.07306,0.24951,-0.11908,-0.01302,0.0465,-0.06243,-0.01171,-0.07438,-8e-05,-0.26848,-0.29111,0.00671,0.02233,0.09672,0.09567,-0.08814,0.00016,-0.24371,-0.01311,-0.23774,0.09534,-0.03988,0.23246,0.23366,-0.00178,-0.00178,0.09875,0.0,-0.13478,0.06013,-0.00984,-0.03157,-0.17601,0.09556,-0.11257,-0.04779,-0.00025,-0.00914,-0.04409,0.02578,0.09553,-0.26031,-0.12338,-0.07128,-0.07286,0.23478,-0.25067,-0.0478,-0.11207,-0.15958,-0.03268,0.00753,0.02112,-0.00669,-0.00282,-0.0128,-0.00468,-0.17957,-0.18127,0.2394,0.00285,-0.02583,0.03277,-0.02119,-0.00257,-0.02045,0.0022,-0.02513,-0.04513,0.00126,-0.01566,0.07172,0.00347,-0.01874,0.01017,-0.05765,0.01327,-0.1546,-0.00782,-0.02851,0.00095,-0.02535,-0.00254,0.18421,0.01999,0.32409,0.01359,0.2394,0.05177,-0.05287,-0.0453,0.05727,0.31584,0.00185,0.185,0.185,0.0,0.0,0.0,0.02988,-0.00666,-0.00053,0.02198,0.05164,0.01455
43,0.0,0,0.11001,-0.03425,-0.08837,0.05307,-0.0283,-0.03506,0.04229,0.11007,-0.01472,0.06471,-0.02655,-0.04036,-0.02232,-0.00212,0.01206,0.02099,0.01632,0.11227,0.00769,-0.01076,-0.00887,0.00487,0.00878,0.00167,0.0115,0.05516,-0.01694,0.03092,0.00362,0.06331,0.25923,0.08462,-0.17575,-0.06943,-0.03994,0.00698,-0.0037,-0.01388,-0.17348,0.0044,-0.02696,-0.0566,0.09416,0.06484,0.25381,0.0246,-0.09468,-0.1703,-0.00094,0.02301,0.05407,0.00597,-0.00207,-0.06209,0.00066,0.0059,0.0058,0.19286,0.09056,0.03667,0.07224,0.2013,0.06646,-0.14685,-0.17749,0.22073,-0.22365,0.00985,-0.19409,-0.14624,0.00478,0.00703,0.0041,-0.03409,0.01562,-0.01613,0.13257,0.09193,0.0181,-0.00079,-0.01841,-0.04205,-0.11109,0.03161,0.38291,0.07619,-0.08717,0.05226,0.0123,0.02575,-0.07844,-0.08837,0.05307,0.01278,0.00811,-0.03162,-0.07691,0.0181,-0.04205,-0.02479,-0.05001,0.00928,0.0058,0.09576,-0.0064,-0.06542,-0.03322,0.05795,0.2688,0.20942,-0.03124,0.04463,0.00442,-0.03421,-0.01456,-0.09014,0.08799,-0.22453,-0.66037,-0.00717,0.04991,0.08209,0.08133,0.00572,0.00599,-0.11785,-0.00056,-0.0811,0.08096,-0.05616,-0.38249,-0.38479,-0.00178,-0.00178,0.09875,0.0,-0.13478,0.06013,-0.00984,-0.03157,-0.17601,0.08125,-0.1703,-0.04779,0.01219,-0.01952,0.13016,-0.04316,0.11554,-0.08454,-0.06398,0.06387,-0.00944,0.29562,-0.25067,0.01773,-0.11207,-0.20345,-0.08282,0.01813,0.08658,-0.07003,-0.03269,-0.01618,-0.04365,-0.17957,-0.18127,-0.21378,-0.00415,-0.04308,-0.19697,-0.04287,-0.01109,0.00866,0.00091,-0.01241,-0.02832,-0.02142,0.02623,0.07213,0.00261,-0.00893,0.00835,-0.05656,0.01008,-0.33718,-0.00806,-0.01116,0.00306,-0.10198,-0.01224,0.11001,0.0528,-0.28011,-0.00083,-0.21378,0.00907,-0.08335,0.00044,-0.02365,0.31584,0.0122,0.185,0.185,0.0,0.0,0.0,0.08494,0.01278,-0.0027,0.02982,-0.07154,-0.00629
44,0.0,0,-0.09362,0.0036,0.02569,0.04138,-0.0126,-0.02254,0.11379,-0.09373,0.04098,-0.08938,0.00415,-0.01093,-0.00753,-0.00088,0.00804,0.01636,0.01911,0.15538,-0.00012,-0.0023,-0.00277,0.00223,0.00426,0.00034,0.02053,0.07724,-0.00247,-0.03229,-0.00099,-0.03793,0.08709,0.03553,-0.10113,-0.0432,-0.03363,0.00943,-0.00258,-0.01388,-0.10668,0.08602,0.1605,-0.00447,0.06939,0.06484,0.25381,0.01215,-0.01053,-0.10275,-0.00021,0.02073,0.05836,0.01082,0.00645,-0.05913,0.0013,0.0107,0.01052,0.08236,0.11186,-0.01425,0.05245,0.14541,-0.19587,-0.09533,-0.21342,0.22073,-0.17351,0.00879,-0.15322,-0.06011,0.00315,0.01098,0.00775,-0.00974,-0.00052,-0.0066,-0.0408,0.04126,0.01056,-0.0004,-0.01119,-0.02064,-0.07371,0.00631,0.16933,0.10562,0.0254,0.04073,0.02253,0.04298,-0.04984,0.02569,0.04138,0.02334,0.01193,-0.00691,-0.04853,0.01056,-0.02064,-0.02631,-0.025,0.01613,0.01052,-0.03744,0.00023,-0.008,0.00082,-0.0322,-0.30031,-0.09549,-0.00292,-0.00945,0.08464,0.00523,-0.01441,-0.02064,0.03113,0.00507,-0.37456,0.0041,-0.0287,-0.01056,-0.01046,-0.09417,0.01733,-0.16854,0.09644,0.45417,-0.01037,0.04094,-0.93876,-0.94529,0.00178,0.00178,-0.60661,0.0,0.53912,0.06013,-0.00984,-0.03157,0.4526,-0.0104,-0.10275,0.00531,-0.01269,0.01163,-0.02039,0.04999,0.10937,0.33781,-0.0623,0.07772,0.05718,0.24102,-0.25067,-0.02278,0.0143,0.03569,-0.05274,0.01601,0.04429,-0.00644,-0.06884,-0.08154,-0.08736,-0.17957,-0.18127,-0.07626,-0.00592,-0.07115,-0.22851,-0.029,-0.0054,0.04329,0.00642,-0.03209,-0.07967,-0.03384,0.06478,0.04279,0.02302,-0.02128,0.02517,-0.09667,0.02213,0.28031,0.00964,-0.01968,-0.01155,-0.20794,-0.05144,-0.09362,0.04118,-0.07547,-0.01444,-0.07626,-0.01865,0.11383,0.03698,-0.05772,0.31584,-0.00585,0.185,0.185,0.0,0.0,0.0,0.02369,0.02334,-0.00153,0.01714,0.02294,0.03622
45,-0.0511,0,-0.05495,0.01342,0.03111,-0.02845,-0.00685,-0.05612,0.03188,-0.05504,0.01479,-0.04518,0.01074,0.01652,0.00584,0.00011,0.00329,0.00937,0.02188,0.20554,-0.00285,0.00269,0.00146,-3e-05,0.00016,-0.00104,0.03074,0.1029,0.00626,-0.01503,-0.00222,-0.0399,-0.0869,-0.00236,-0.02771,-0.01875,-0.02253,0.00615,-0.00213,-0.01388,-0.02629,0.15859,0.2871,0.03855,0.05264,0.06484,-0.11944,0.00043,0.08391,-0.01579,0.03126,0.014,0.05841,0.00842,0.01055,-0.01702,0.00394,0.00832,0.0082,0.09321,0.09344,-0.04758,0.02177,0.08595,-0.45819,-0.01803,-0.21342,0.19807,-0.09829,0.00668,-0.02765,-0.01232,0.00145,0.00977,0.00721,-0.03385,-0.04873,-0.04162,-0.12963,-0.00628,0.00303,1e-05,-0.00241,-0.00688,-0.04211,-0.00632,-0.04386,0.02961,0.03075,-0.02812,0.01597,-0.00889,-0.04549,0.03111,-0.02845,0.01656,0.00617,-0.02878,-0.04423,0.00303,-0.00688,-0.01023,-0.00933,0.01069,0.0082,-0.11521,0.00661,0.05729,0.03353,-0.10741,-0.27547,-0.4342,-0.12303,-0.19532,0.15582,0.06034,-0.01297,0.01488,0.09759,0.07568,-0.05015,-0.01204,-0.08312,-0.03573,-0.03537,-0.17253,0.01865,-0.37553,0.07686,0.20277,-0.03526,0.01728,0.07681,0.07747,0.00178,0.00178,0.09875,0.0,-0.13478,0.06013,0.06045,-0.03157,-0.17601,-0.0353,-0.01579,0.05841,-0.01269,0.02201,-0.12694,-0.01585,0.02294,-0.20311,-0.05886,0.1117,0.03344,0.05426,-0.16866,0.01773,0.23006,0.0205,-0.01263,0.01177,0.0088,0.02715,-0.04471,-0.06709,-0.0587,-0.17957,-0.18127,0.06947,-0.00239,-0.03479,-0.10303,0.06388,0.03965,-0.01288,0.0052,-0.02428,-0.06981,0.02206,-0.08395,-0.03774,0.01284,-0.0202,0.01485,0.00231,-0.01219,0.09293,0.01411,-0.03356,-0.01356,-0.14017,-0.02526,-0.05495,-0.02833,0.013,-0.01225,0.06947,-0.02152,-0.34862,0.00898,-0.09007,0.31584,-0.00998,0.185,0.185,0.0,0.0,0.0,-0.04003,0.01656,0.00121,0.00945,0.14314,0.11268
46,-0.0515,0,0.03852,-0.01047,-0.01712,-0.01405,0.00757,-0.06645,-0.02325,0.0385,-0.03712,0.0423,-0.00414,0.00187,0.00286,-0.00028,0.00323,0.01268,0.01902,0.19246,0.00085,-0.00062,-0.00061,0.00068,0.00138,-0.00046,0.02536,0.09049,-6e-05,0.02117,0.00024,0.02017,0.02064,0.00704,-0.06933,-0.02826,-0.02485,0.00302,-0.00196,-0.01388,-0.07085,0.1522,0.23968,0.02669,0.0671,0.06484,-0.11944,0.00567,0.15568,-0.06337,0.03123,0.01995,0.05837,0.00495,0.00926,0.00603,0.00413,0.00488,0.00483,0.16087,0.0738,-0.00608,0.03665,0.12621,-0.45819,0.05926,-0.10563,0.22073,-0.02307,0.00563,-0.05314,-0.04927,0.0015,0.00496,0.00595,-0.03479,-0.06589,-0.04908,0.08931,0.03055,0.0078,-0.00027,-0.00628,-0.01274,-0.0086,0.0216,0.09131,-0.00529,-0.01682,-0.01393,-0.00252,-0.01097,0.00751,-0.01712,-0.01405,-0.00256,0.01011,-0.01218,0.00816,0.0078,-0.01274,-0.01322,-0.00394,0.0038,0.00483,-0.15768,0.01099,0.10743,0.05583,-0.15557,-0.3616,-0.49212,-0.22467,-0.42385,0.14959,0.06012,-0.01178,0.05617,0.15276,0.07873,0.28168,-0.01535,-0.08456,0.00994,0.00984,-0.13637,0.01208,-0.27072,0.08299,0.30789,0.00972,0.05133,0.26563,0.26747,-0.00178,-0.00178,0.09875,0.0,-0.13478,0.06013,-0.00984,-0.03157,0.4526,0.00988,-0.06337,-0.04779,0.01219,-0.01952,0.00852,0.00756,0.0681,-0.22509,-0.03763,0.14747,0.01119,-0.05037,-0.16866,-0.01592,0.11893,0.04076,-0.03268,0.01389,0.02112,0.00796,0.01408,-0.00571,0.01786,-0.17957,-0.18127,-0.05939,-0.00145,0.00707,-0.05893,0.10037,0.03804,0.02932,-0.00016,0.00099,0.00515,0.04282,-0.08902,-0.02245,0.00268,-0.0049,0.00244,0.09744,-0.03595,-0.10563,0.00519,-0.01559,-0.00558,0.31381,0.18195,0.03852,-0.014,-0.09382,-0.0127,-0.05939,0.04009,-0.37483,0.00913,-0.143,-0.29154,0.00049,0.185,0.185,0.0,0.0,0.0,0.00751,-0.00256,0.00061,0.01625,0.12181,0.16871
47,-0.0568,0,-0.23011,0.03555,0.04937,-0.01576,0.01855,0.04882,-0.0295,-0.23021,0.05462,-0.19417,0.01877,0.0221,0.01339,0.00095,-0.00292,-6e-05,0.02328,0.26275,-0.0065,0.00757,0.00564,-0.00246,-0.00436,-0.00255,0.04146,0.1305,0.01109,-0.05022,-0.00361,-0.06858,-0.20394,-0.08156,0.06455,0.02037,-0.009,0.00151,-0.00171,-0.01388,0.0759,0.14848,0.20523,0.05915,0.01219,0.06484,-0.11944,-0.0138,0.04307,0.02876,0.03129,0.00842,0.05845,0.00331,0.00852,0.01626,0.00389,0.00324,0.00325,0.15541,0.01932,-0.07129,-0.03346,0.13884,-0.54563,0.13655,-0.03377,0.08476,0.05215,0.00088,0.172,0.04238,-0.00076,0.00305,0.00551,-0.01986,-0.03557,-0.0272,-0.1209,-0.062,-0.00852,0.0006,0.01716,0.05229,-0.01375,-0.1122,-0.372,0.01193,0.04876,-0.01562,-0.01974,-0.00056,-0.00263,0.04937,-0.01576,-0.02041,-0.02826,0.0189,-0.00189,-0.00852,0.05229,0.01723,0.01329,0.00331,0.00325,0.02254,0.00195,0.03169,0.00983,-0.01975,-0.06756,0.06749,-0.1785,-0.22573,0.14599,0.03816,-0.01056,0.03361,0.15708,0.07138,0.29808,0.04234,-0.00218,-0.11784,-0.11662,0.04619,-0.0133,-0.03042,-0.05158,-0.32248,-0.11631,-0.03799,-0.34932,-0.35165,0.00178,0.00178,0.09875,0.0,-0.13478,0.06013,-0.00984,-0.03157,-0.17601,-0.11658,0.02876,0.05841,-0.01269,0.02201,0.08206,-0.01227,0.13743,0.04724,-0.00708,0.14889,-0.08668,0.02656,0.0486,-0.06773,0.14487,-0.12649,0.04752,0.00329,-0.01585,0.04786,0.00375,0.00394,0.00406,-0.17957,-0.18127,0.08213,-0.00379,-0.00766,-0.144,0.06014,0.01474,-0.12307,0.00804,-0.0029,-0.09548,0.04045,-0.05384,0.01452,0.00912,0.00347,0.00932,0.16229,-0.03658,0.06995,0.00282,0.0051,-0.00277,0.49219,0.17455,-0.23011,-0.01573,0.12233,0.00621,0.08213,-0.00126,-0.27207,0.01312,-0.21504,-0.29154,-0.01417,0.185,0.185,0.0,0.0,0.0,-0.11555,-0.02041,0.00178,0.00308,0.05085,0.12894
48,0.116,1,0.04179,-0.01799,-0.01888,-0.05162,0.00235,0.06334,-0.01112,0.04178,-0.02667,0.04039,-0.00186,0.0066,0.00368,0.00061,-0.0017,0.00253,0.01983,0.2459,0.00032,0.00131,0.00153,-0.00099,-0.00193,-0.00171,0.0348,0.11577,0.0014,0.02963,0.00064,0.03399,-0.01821,-0.01366,0.02853,-0.00213,-0.01254,-0.0035,-0.00212,-0.01388,0.03502,0.1944,0.28821,0.06016,0.04374,0.06484,-0.11944,-0.00501,0.06525,0.00911,0.04578,0.01484,0.0584,-0.00356,0.00178,0.0399,0.00385,-0.00356,-0.00342,0.22169,0.01985,-0.03686,-0.0119,0.16238,0.50366,0.21384,0.50516,0.15275,0.12737,0.00088,0.06438,0.01474,-0.0012,-0.00356,0.00029,0.05601,-0.00333,0.0354,0.04894,-0.01298,-0.00239,0.00028,0.01022,0.01121,0.08814,0.01967,-0.07338,-0.07735,-0.01856,-0.05091,-0.00763,-0.00557,0.02961,-0.01888,-0.05162,-0.00785,-0.01584,0.00716,0.02991,-0.00239,0.01121,0.00015,0.01322,-0.00391,-0.00342,-0.03669,0.00375,0.04678,0.01893,-0.03904,-0.0421,0.01549,-0.13105,-0.15324,0.19099,0.04718,-0.01129,0.047,0.24466,0.1624,0.13111,-0.01604,-0.01292,0.02612,0.02586,-0.17253,0.00874,-0.37553,0.06013,0.10467,0.0257,0.04642,-0.03802,-0.0381,-0.00178,-0.00178,0.09875,0.0,-0.13478,0.06013,-0.00984,-0.03157,-0.17601,0.02588,0.00911,-0.04779,0.01219,-0.01952,0.08796,-0.03344,0.16202,0.404,0.03414,0.1176,-0.01459,0.30146,0.1306,-0.06773,-0.019,-0.06203,0.02747,0.00753,0.00218,0.05556,0.04735,0.05973,0.06184,-0.17957,-0.18127,-0.1315,0.00205,0.04689,0.09562,0.01032,-0.00461,0.07889,-0.00736,0.02232,0.1062,0.00983,0.00139,-0.09172,-0.01291,0.00719,-0.01335,0.02851,-0.00062,-0.12288,0.00873,-0.00218,-0.00818,0.29554,0.06736,0.04179,-0.0514,-0.15316,-0.00123,-0.1315,0.04727,-0.32299,0.02592,-0.18863,-0.29154,0.0033,0.185,0.185,0.0,0.0,0.0,-0.04209,-0.00785,0.00208,0.01041,-8e-05,0.03388
49,0.1103,1,-0.09812,0.00703,0.00408,0.02704,0.02153,0.03521,-0.01555,-0.09822,0.05821,-0.09619,0.00335,0.00336,0.00483,0.00086,-0.00353,-0.00055,0.0191,0.25793,-0.00161,0.00238,0.00216,-0.00132,-0.00258,-0.00192,0.03608,0.11977,0.00237,-0.01332,-0.00041,-0.00776,-0.02832,-0.01284,0.07038,0.00479,-0.00958,-0.00317,-0.00208,-0.01388,0.08886,0.27166,0.48075,0.08423,0.06079,0.06484,-0.11944,-0.00675,0.13797,0.06091,0.06331,0.01522,0.0584,-0.0041,-0.00245,0.02235,0.0025,-0.00409,-0.00394,0.2468,-0.02939,-0.06503,-0.05626,0.2148,0.24134,0.05926,0.1818,0.22073,0.20259,0.00088,0.05154,0.03816,-0.0015,-0.00512,3e-05,0.0264,0.0091,0.02094,-0.05948,-0.02124,-0.00371,0.00034,0.01061,0.01002,-0.00422,-0.02225,-0.10171,7e-05,0.0041,0.02659,-0.00596,-0.0046,0.02618,0.00408,0.02704,-0.00612,-0.00832,0.00588,0.02654,-0.00371,0.01002,0.00851,0.01916,-0.00481,-0.00394,-0.11602,0.0088,0.09695,0.04474,-0.1053,-0.30563,-0.34582,-0.12847,-0.13473,0.26666,0.08236,-0.012,0.04696,0.19685,0.19085,0.20748,0.00658,-0.04296,-0.04964,-0.04914,0.20033,-0.0133,0.49886,-0.05158,0.02688,-0.04895,0.02616,-0.16305,-0.164,0.00178,0.00178,0.09875,0.0,-0.13478,0.06013,0.06045,-0.03157,-0.17601,-0.04907,0.06091,0.00531,-0.01269,0.01163,0.00014,-0.01459,0.04384,0.22793,0.07945,0.05475,-0.01939,0.14998,0.48313,0.03766,0.07813,-0.01099,0.04752,0.00541,0.00233,0.06909,0.00125,0.01429,0.00073,-0.17957,-0.18127,-0.04705,-0.00154,0.02165,-0.06905,0.09129,0.02088,-0.03971,0.00034,0.01693,0.0034,0.02869,-0.02433,0.01581,-0.00464,0.01578,-0.00703,0.05498,-0.00531,0.1682,-0.00603,0.02478,0.00706,0.05204,-0.02165,-0.09812,0.02692,-0.07655,-0.02068,-0.04705,0.05302,-0.29184,0.02609,-0.17862,-0.29154,-0.00083,0.185,0.185,0.0,0.0,0.0,-0.04548,-0.00612,0.00318,0.01085,0.10623,0.03489
50,0.1245,1,-0.20947,0.0596,0.17886,-0.13119,0.03497,0.15398,-0.18341,-0.20958,0.0225,-0.148,0.04521,0.07032,0.0386,0.00413,-0.01968,-0.04115,0.03707,0.48788,-0.0141,0.02054,0.0171,-0.00958,-0.01826,-0.0084,0.09067,0.25769,0.02986,-0.058,-0.00637,-0.09483,-0.30605,-0.11126,0.43731,0.15249,0.03959,-0.01519,-0.00345,0.02694,0.43418,0.13684,0.05415,0.14237,-0.1301,-0.22988,-0.11944,-0.05337,0.02275,0.30749,0.02832,-0.0304,0.05875,-0.01951,-0.01247,0.10213,0.00668,-0.01935,-0.0189,0.12266,-0.22872,-0.15453,-0.22069,0.196,0.67854,0.13655,0.46923,-0.34583,0.27781,-0.0139,0.59626,0.35465,-0.00734,-0.01294,-0.01097,0.07726,0.09561,0.08878,-0.16456,-0.17003,-0.04013,0.00265,0.03859,0.07589,0.15621,-0.07829,-0.372,-0.12486,0.1765,-0.12934,-0.04777,-0.07087,-0.03929,0.17886,-0.13119,-0.04947,-0.0629,0.04248,-0.03817,-0.04013,0.07589,0.06139,0.0799,-0.01435,-0.0189,0.04692,-2e-05,0.01843,0.00058,0.02167,0.59258,-0.01105,0.04313,0.01271,0.13461,0.05128,-0.01351,-0.01975,-0.04718,0.08172,0.17284,0.02549,0.06239,-0.1146,-0.11316,-0.17253,-0.00456,-0.37553,-0.02362,-0.38635,-0.11288,-0.01848,-0.16815,-0.16878,0.00178,0.00178,0.09875,0.0,-0.13478,0.06013,-0.00984,-0.03157,-0.17601,-0.11312,0.30749,0.1646,-0.01269,0.04277,-0.2063,-0.11965,0.35413,1.43102,0.10536,-0.02371,0.07371,0.10183,0.34787,-0.04094,0.00694,0.0432,0.10768,-0.0211,-0.12245,0.20204,0.04921,0.03324,0.06425,-0.17957,-0.18127,0.34979,0.00983,0.06599,0.56664,0.01004,-0.01886,0.05244,-0.0044,0.01623,0.10518,0.04382,-0.03559,-0.03952,-0.00642,0.0094,-0.01535,0.13004,-0.01842,0.05314,0.00304,0.0123,-0.00342,0.44783,0.09561,-0.20947,-0.13048,0.51074,0.03573,0.34979,-0.04871,0.09496,0.05213,-0.11139,-0.29154,-0.02289,0.185,0.185,0.0,0.0,0.0,-0.16285,-0.04947,0.0053,-0.03903,-0.12876,-0.04691
