trade_id,entry_epoch,exit_epoch,direction,entry,exit,pnl_pct,hold_bars,exit_reason,mfe_pct,mae_pct,atr_entry,ret_1,ret_2,ret_3,ret_5,ret_8,ret_13,ret_21,log_ret_1,ret_z_5,ret_z_20,dist_sma5,dist_sma8,dist_sma10,dist_sma20,dist_sma34,dist_sma50,dist_sma100,dist_sma200,dist_ema5,dist_ema9,dist_ema12,dist_ema21,dist_ema26,dist_ema50,dist_ema100,dist_ema200,dist_wma10,dist_hma9,dist_dema9,dist_tema9,z_ema9,z_ema12,z_ema21,z_ema26,z_ema50,ema_spread_9_21,ema_spread_21_50,price_ma_cross_9_21,bb_pct,bb_width,bb_width_z,bb_up_dist,bb_low_dist,in_upper_band,in_lower_band,kc_pos,kc_width,dc_pos20,dc_width20,dc_pos50,dc_width50,macd,macd_signal,macd_hist,macd_hist_z,macd_ratio,ppo,adx14,pdi14,mdi14,di_diff,adx_sma5,aroon_up14,aroon_dn14,aroon_osc14,aroon_up25,aroon_dn25,aroon_osc25,cci14,cci20,dpo20,trix9,tsi,vi_plus,vi_minus,vi_diff,rsi_2,rsi_7,rsi_14,rsi_21,rsi_14_z,stoch_k,stoch_d,stoch_j,stoch_rsi,stoch_rsi_k,momentum_3,momentum_5,momentum_10,momentum_20,momentum_50,roc_3,roc_5,roc_10,roc_12,roc_24,roc_50,cmo14,williams_r,elder_bull,elder_bear,awesome,ppo_mom,atr_7,atr_14,atr_21,atr14_pct,atr14_sma,std_5,realized_vol_5,std_10,realized_vol_10,std_20,realized_vol_20,std_50,realized_vol_50,parkinson_10,parkinson_20,garman_klass_10,vol_ratio_20,vol_z_20,body,body_pct,upper_wick,lower_wick,up_wick_pct,low_wick_pct,body_ratio,body_pos,range_pct,gap,gap_pct,bull,bear,doji,hammer,shooting_star,marubozu,engulf_bull,engulf_bear,harami,close_vs_open_pos,hl_position_20,up_streak,dn_streak,streak_diff,skew_10,kurt_10,skew_20,kurt_20,skew_50,kurt_50,autocorr_1_10,autocorr_5_20,entropy_10,entropy_20,entropy_30,hurst_20,pct_rank_20,pct_rank_50,q25_dist,q75_dist,fisher,fisher_sig,inv_fisher,hour_sin,hour_cos,lag_ret1_1,lag_rsi14_1,lag_macdhist_1,lag_bbpct_1,lag_atrpct_1,lag_volz_1,lag_ret1_2,lag_rsi14_2,lag_macdhist_2,lag_bbpct_2,lag_atrpct_2,lag_volz_2,lag_ret1_3,lag_rsi14_3,lag_macdhist_3,lag_bbpct_3,lag_atrpct_3,lag_volz_3,lag_ret1_4,lag_rsi14_4,lag_macdhist_4,lag_bbpct_4,lag_atrpct_4,lag_volz_4,ret_ma5,ret_ma10,prev_bar_body,prev_bar_range,prev_bar_close_pos,er_10,er_20,mfi_proxy_14,cmf_proxy_14,macd_cross,macd_hist_slope,dow_sin,dow_cos,session_asia,session_london,session_ny,rsi_7_z,ret_10,dist_high_20,dist_low_20,hl_ratio_5,avg_body_ratio_10
1,1787781600,1787781660,LONG,97.4329,97.3758,-0.0586,1,SL,0.0258,-0.0745,0.09516,0.067118,0.113011,0.135768,0.164202,0.085943,-0.015302,-0.339752,0.067095,0.922339,1.249565,0.10138,0.117258,0.107874,-0.001875,-0.059557,-0.09927,-0.197673,-0.161964,0.07285,0.077365,0.065265,0.019584,-0.00246,-0.078854,-0.163245,-0.299135,0.1007,0.061644,0.09953,0.061142,1.853246,1.849983,-0.08828,-0.303232,-0.636933,-0.057736,-0.098419,-1.0,0.497175,0.663446,1.223265,0.333604,0.329855,0.0,0.0,0.564474,0.377784,0.393275,0.562056,0.37174,0.594616,-0.065894,-0.07107,0.005176,0.391081,-0.067683,-0.067681,35.886782,25.718321,20.176712,5.541609,43.718144,0.0,71.428571,-71.428571,16.0,84.0,-68.0,0.372097,-0.007545,-0.145975,-0.01511,-16.714334,0.875778,0.478512,0.397267,95.37127,59.085694,49.553711,47.575803,0.441162,68.996473,42.096445,122.79653,100.0,84.320357,0.132,0.1596,0.0588,-0.2756,0.0464,0.135768,0.164202,0.060433,0.060227,-0.11747,0.047682,-0.892578,-31.003527,0.078437,-0.020963,-0.156618,-0.067681,0.089172,0.0912,0.092017,0.093675,-0.042383,0.070139,0.083139,0.059137,0.19901,0.161481,0.290721,0.151887,0.48287,0.024007,0.028169,0.052593,1.249565,-0.09122,0.0796,0.081761,0.0198,0.0,19.919517,0.0,0.800805,0.999591,0.102099,-0.0143,-0.014698,1.0,0.0,0.0,0.0,0.0,0.0,0.0,0.0,0.0,0.081828,0.393275,4.0,0.0,4.0,0.203388,-0.613381,0.839529,-0.646129,-0.13189,-1.068426,0.299995,0.51465,1.559581,1.541833,1.584655,0.568556,0.65,0.28,0.118559,0.106413,0.014711,-0.198257,0.01471,-0.707107,0.707107,0.045863,44.859645,-0.005266,0.382873,0.092442,-0.317576,0.022731,41.401498,-0.013786,0.303852,0.095433,0.164983,0.055366,39.660293,-0.02065,0.253732,0.097639,0.516058,-0.026955,35.315503,-0.026641,0.156474,0.098347,0.57713,0.067118,0.032824,0.0415,0.0713,0.045863,11.570248,25.109329,46.044698,9727.073338,1.0,0.010443,0.974928,-0.222521,0.0,0.0,0.0,0.876735,0.060433,0.341013,0.221042,0.241915,0.551379
2,1787781780,1787781900,SHORT,97.2292,97.09746,0.1355,2,TP,0.0437,0.0,0.10134,0.003903,-0.067534,0.010477,0.1235,0.174696,0.070916,-0.274185,0.003903,-0.342303,0.253103,0.004868,0.061918,0.076645,0.048284,-0.047022,-0.085615,-0.182522,-0.153825,0.015529,0.036928,0.038935,0.017829,0.002339,-0.062953,-0.145107,-0.280798,0.041528,-0.061477,0.018195,-0.024544,0.804465,1.023948,0.257432,-0.171577,-0.546959,-0.019092,-0.080767,-1.0,0.608213,0.446193,-0.787237,0.174728,0.27125,0.0,0.0,0.554048,0.386032,0.444488,0.520812,0.389359,0.594554,-0.035618,-0.056669,0.021051,0.94938,-0.036581,-0.036582,34.901125,26.867322,14.829381,12.037941,36.404573,85.714286,50.0,35.714286,4.0,72.0,-68.0,0.405183,0.212033,-0.116705,-0.006007,-9.261025,1.089123,0.355184,0.733939,50.040149,56.041433,49.947883,48.157584,0.450487,67.34389,73.518574,54.994522,79.546139,86.223302,0.0102,0.1201,0.1861,-0.2617,-0.0966,0.010477,0.1235,0.191498,0.06526,-0.329311,-0.099114,-0.104234,-32.65611,0.099608,0.015408,-0.050546,-0.036582,0.09399,0.093992,0.093946,0.096534,-0.013771,0.05009,0.135872,0.085148,0.193077,0.108559,0.305689,0.152538,0.479083,0.021154,0.023875,0.057365,0.253103,0.135632,-0.0151,-0.015508,0.0476,0.0215,56.532067,25.534442,0.179335,1.000078,0.086477,0.0189,0.019412,0.0,1.0,0.0,0.0,1.0,0.0,0.0,0.0,1.0,-0.015506,0.444488,1.0,0.0,1.0,0.165713,-1.073965,0.752528,0.099455,-0.072556,-1.109681,0.79314,-0.309112,1.494175,1.455514,1.562984,0.578539,0.75,0.32,0.129022,0.001207,0.331041,0.286564,0.319456,-0.5,0.866025,-0.071434,49.692349,0.019606,0.558585,0.098085,0.53765,0.078063,54.41738,0.016948,0.648412,0.097667,0.552614,0.067118,49.553711,0.005176,0.497175,0.093675,-0.09122,0.045863,44.859645,-0.005266,0.382873,0.092442,-0.317576,0.003903,0.024703,-0.0707,0.0977,-0.071434,35.146364,22.477025,62.612816,9728.816051,1.0,0.001445,0.974928,-0.222521,0.0,0.0,0.0,0.62319,0.191498,0.289317,0.231495,0.237234,0.575809
3,1787781960,1787782020,SHORT,97.0153,96.88924,0.1299,1,TP,0.0242,0.0,0.09697,-0.110304,-0.154377,-0.295788,-0.363122,-0.172653,-0.104856,-0.486297,-0.110364,-0.663107,-1.291958,-0.1706,-0.215031,-0.204291,-0.194652,-0.319744,-0.355494,-0.465728,-0.450278,-0.130561,-0.170106,-0.187134,-0.229671,-0.250404,-0.327828,-0.419963,-0.561401,-0.184813,-0.087631,-0.118624,-0.093446,-1.861659,-1.793298,-2.173422,-1.659778,-2.128271,-0.059666,-0.098383,-1.0,-0.054112,0.351286,-1.503323,0.371017,-0.019046,0.0,1.0,-0.055156,0.405805,0.033098,0.423263,0.02076,0.674811,-0.061692,-0.054291,-0.007401,-0.225507,-0.063548,-0.063389,32.334573,16.393952,41.58219,-25.188238,33.135381,64.285714,100.0,-35.714286,0.0,100.0,-100.0,-1.028872,-0.796452,-0.366385,-0.006583,-14.870948,0.850272,0.518537,0.331735,2.578114,26.775989,34.590328,37.653878,-1.163778,3.309808,14.259329,-18.589236,9.265007,27.53737,-0.288,-0.3538,-0.092,-0.3546,-0.5611,-0.295788,-0.363122,-0.094678,-0.199541,-0.569162,-0.574661,-30.819345,-96.690192,-0.079402,-0.200602,-0.1455,-0.063389,0.103894,0.100274,0.098523,0.103291,0.051272,0.122598,0.126745,0.105278,0.246492,0.085423,0.318803,0.162734,0.485067,0.026461,0.024453,0.056913,1.291958,1.568679,-0.1076,-0.110837,0.0,0.0136,0.0,11.221122,0.887789,1.000554,0.124847,0.0004,0.000412,0.0,1.0,0.0,0.0,0.0,0.0,0.0,0.0,0.0,-0.110715,0.033098,0.0,3.0,-3.0,-0.398312,-0.113383,-0.12871,-0.010314,-0.031747,-0.976202,0.715477,-0.763471,1.494175,1.553019,1.59884,0.612042,0.05,0.02,-0.14138,0.244981,-0.081323,0.123727,-0.081144,-0.5,0.866025,-0.044123,39.484046,0.004345,0.190734,0.099864,0.701874,-0.141629,41.675023,0.01257,0.305757,0.104228,1.814556,0.003903,49.947883,0.021051,0.608213,0.096534,0.135632,-0.071434,49.692349,0.019606,0.558585,0.098085,0.53765,-0.110304,-0.072717,-0.0378,0.0692,-0.044123,14.762516,28.782468,47.146108,9726.636261,-1.0,-0.011746,0.974928,-0.222521,0.0,0.0,0.0,-1.118951,-0.094678,0.409254,0.014009,0.404366,0.610981
4,1787782140,1787782260,SHORT,96.7533,96.81608,-0.0649,2,SL,0.0,0.0,0.10464,-0.015079,-0.213059,-0.278639,-0.432586,-0.640749,-0.373053,-0.503298,-0.01508,1.003885,0.077722,-0.179311,-0.309356,-0.368019,-0.408976,-0.544305,-0.586684,-0.722492,-0.724221,-0.156372,-0.259615,-0.307711,-0.399055,-0.434345,-0.545645,-0.661379,-0.816091,-0.25744,0.007328,-0.107717,-0.029643,-1.456854,-1.783585,-2.46705,-2.49585,-2.854833,-0.139803,-0.147177,-1.0,-0.100107,0.681506,1.498742,0.752808,-0.068503,0.0,1.0,-0.399827,0.434587,0.098055,0.764808,0.074332,1.008898,-0.123507,-0.078794,-0.044713,-1.545569,-0.127579,-0.127025,43.545363,9.817965,60.219187,-50.401222,36.075753,42.857143,100.0,-57.142857,0.0,100.0,-100.0,-1.71244,-1.48595,-0.583765,-0.018476,-26.738397,0.702409,0.606629,0.09578,0.374244,15.174894,25.469554,30.461485,-1.803651,9.805511,4.268405,20.879723,0.0,0.0,-0.2705,-0.4206,-0.483,-0.4141,-0.8713,-0.278639,-0.432586,-0.496446,-0.428182,-0.763581,-0.891995,-49.060893,-90.194489,-0.306789,-0.384189,-0.355918,-0.127025,0.116054,0.108995,0.105167,0.112588,0.136494,0.163981,0.159411,0.227782,0.27673,0.165616,0.358481,0.200121,0.510665,0.038902,0.033132,0.061127,0.077722,2.139207,0.0027,0.002789,0.0048,0.0699,6.20155,90.310078,0.034884,0.999986,0.079952,-0.0173,-0.017868,1.0,0.0,1.0,0.0,0.0,0.0,0.0,0.0,1.0,0.002789,0.098055,0.0,6.0,-6.0,-0.566875,-1.071647,-1.311905,1.528131,-0.764164,0.942046,0.941095,-0.538299,1.494175,1.567056,1.562984,0.604715,0.05,0.02,-0.38212,0.507057,-0.461037,-0.382775,-0.430929,-0.5,0.866025,-0.19801,25.871171,-0.035348,-0.238473,0.116034,3.273953,-0.06572,32.044759,-0.017952,-0.095076,0.099954,0.47165,-0.110304,34.590328,-0.007401,-0.054112,0.103291,1.568679,-0.044123,39.484046,0.004345,0.190734,0.099864,0.701874,-0.015079,-0.086647,-0.1686,0.1888,-0.19801,62.467667,32.063492,39.131328,9718.455769,-1.0,-0.009365,0.974928,-0.222521,0.0,0.0,0.0,-1.570233,-0.496446,0.689815,0.074993,0.537029,0.621243
5,1787782320,1787782440,SHORT,96.8266,96.8875,-0.0629,2,SL,0.0,-0.0536,0.10151,0.146729,0.100772,0.043591,-0.169561,-0.389183,-0.453071,-0.465348,0.146621,1.46735,1.951289,0.063892,-0.054062,-0.135468,-0.285448,-0.428972,-0.492006,-0.656318,-0.675748,0.014,-0.074518,-0.130185,-0.247862,-0.29425,-0.436655,-0.577587,-0.747796,-0.028099,0.181397,0.089291,0.13052,-0.460321,-0.767697,-1.286763,-1.508391,-2.007573,-0.173473,-0.189262,-1.0,0.190886,0.923439,2.749144,0.749306,0.176776,0.0,1.0,-0.050218,0.431336,0.184886,0.792456,0.141363,1.03644,-0.159576,-0.116029,-0.043546,-1.194978,-0.164764,-0.16428,47.412005,22.651917,44.693991,-22.042074,45.282214,21.428571,92.857143,-71.428571,56.0,96.0,-40.0,-0.795955,-0.901139,-0.49597,-0.030542,-34.09522,0.659348,0.594693,0.064655,72.272067,34.915342,33.917561,35.536499,-0.579839,18.488599,6.941725,41.582349,35.204086,11.734695,0.0422,-0.1645,-0.5125,-0.4225,-0.6597,0.043591,-0.169561,-0.526379,-0.51984,-0.459926,-0.676543,-32.164877,-81.511401,-0.114935,-0.279235,-0.479093,-0.16428,0.111596,0.107077,0.104366,0.110559,0.115116,0.057148,0.275219,0.226341,0.292578,0.22423,0.386082,0.238531,0.522865,0.04835,0.036677,0.059002,1.951289,1.471794,0.1372,0.141661,0.0271,0.0,16.494218,0.0,0.835058,0.999292,0.169642,0.0047,0.00486,1.0,0.0,0.0,0.0,0.0,0.0,1.0,0.0,0.0,0.141862,0.184886,1.0,0.0,1.0,0.45085,-1.20689,-0.680793,-0.823889,-0.944215,0.704268,0.924553,0.174229,1.213008,1.567056,1.572702,0.613148,0.25,0.1,-0.127387,0.440884,-0.552114,-0.545313,-0.502103,-0.5,0.866025,-0.04589,22.779862,-0.054345,-0.008392,0.100871,0.013551,-0.057123,23.952819,-0.05105,-0.05319,0.108147,1.253548,-0.015079,25.469554,-0.044713,-0.100107,0.112588,2.139207,-0.19801,25.871171,-0.035348,-0.238473,0.116034,3.273953,0.146729,-0.033875,-0.0338,0.0515,-0.04589,63.75171,29.713763,37.367777,9710.025903,-1.0,0.010798,0.974928,-0.222521,0.0,0.0,0.0,-0.027519,-0.526379,0.645942,0.146514,0.292527,0.640628
6,1787782500,1787782560,LONG,96.9259,96.86799,-0.0597,1,SL,0.0,-0.098,0.09652,0.046772,0.073843,0.048838,0.149659,-0.120806,-0.477798,-0.385615,0.046761,0.223489,0.763956,0.072975,0.085537,0.03761,-0.181562,-0.30752,-0.406825,-0.584733,-0.624581,0.039946,0.003755,-0.035135,-0.140314,-0.187167,-0.339895,-0.496087,-0.677631,0.06266,0.042232,0.103848,0.082082,0.696825,-0.125864,-0.775488,-0.973345,-1.515253,-0.144064,-0.199861,-1.0,0.315907,0.986249,2.406204,0.675914,0.312129,0.0,0.0,0.177944,0.403663,0.246515,0.792069,0.188484,1.035934,-0.147644,-0.134343,-0.013301,0.3023,-0.152371,-0.152085,39.300161,30.5852,37.621729,-7.036529,45.016659,0.0,71.428571,-71.428571,44.0,84.0,-40.0,-0.262695,-0.576134,-0.406425,-0.030352,-32.054914,0.653787,0.675316,-0.021529,85.553004,43.698232,38.351053,38.436905,0.127934,25.256975,19.780555,36.209815,57.314411,42.790414,0.0473,0.1448,-0.2882,-0.2992,-0.5587,0.048838,0.149659,-0.296544,-0.481682,-0.416737,-0.57328,-23.297894,-74.743025,0.002293,-0.066207,-0.36956,-0.152085,0.093556,0.097273,0.097939,0.100387,0.012625,0.071123,0.168443,0.112057,0.293578,0.239349,0.363847,0.261221,0.525925,0.047736,0.037733,0.056288,0.763956,-0.223641,0.0196,0.020227,0.0489,0.0,71.386861,0.0,0.286131,0.999899,0.070693,0.0257,0.026535,1.0,0.0,0.0,0.0,1.0,0.0,0.0,0.0,0.0,0.020232,0.246515,2.0,0.0,2.0,0.87493,0.489019,-0.071405,-1.58582,-0.672592,-0.268674,0.645188,0.392062,1.320888,1.553019,1.555239,0.670814,0.4,0.16,0.055058,0.371576,-0.378826,-0.471489,-0.361688,-0.5,0.866025,0.027059,34.998071,-0.024971,0.250614,0.100922,-0.167176,-0.024987,33.04227,-0.034982,0.196391,0.104834,0.48002,0.146729,33.917561,-0.043546,0.190886,0.110559,1.471794,-0.04589,22.779862,-0.054345,-0.008392,0.100871,0.013551,0.046772,0.029937,0.0291,0.0733,0.027059,40.307692,23.798918,28.634443,9700.843534,-1.0,0.011669,0.974928,-0.222521,0.0,0.0,0.0,0.692269,-0.296544,0.596813,0.195257,0.246203,0.565482
7,1787782680,1787782740,SHORT,96.681,96.74196,-0.0631,1,SL,0.0,0.0,0.1016,-0.054524,-0.144647,-0.115998,-0.04224,0.033487,-0.412198,-0.451736,-0.054539,-0.76573,-0.37676,-0.076915,-0.051853,-0.040506,-0.241193,-0.355185,-0.487729,-0.676801,-0.736749,-0.056117,-0.084734,-0.1146,-0.207902,-0.253517,-0.411433,-0.579873,-0.771512,-0.055927,-0.09393,-0.011685,-0.036382,-0.601054,-0.684525,-1.009185,-1.218413,-1.693912,-0.123273,-0.203955,-1.0,0.259891,1.004518,2.024974,0.74525,0.261697,0.0,0.0,0.011716,0.405775,0.100065,0.792989,0.076509,1.037137,-0.134948,-0.134846,-0.000102,0.840096,-0.13943,-0.139076,34.134838,19.718063,41.338529,-21.620466,37.449674,0.0,50.0,-50.0,32.0,72.0,-40.0,-0.301352,-0.768284,-0.46491,-0.024389,-30.08597,0.639491,0.692573,-0.053081,14.373281,33.143924,34.100905,35.559517,-0.408348,14.050494,21.233089,-0.314697,64.311084,66.936936,-0.1124,-0.0409,-0.0375,-0.4613,-0.6564,-0.115998,-0.04224,-0.03873,-0.302228,-0.501166,-0.673631,-31.798191,-85.949506,-0.053113,-0.163713,-0.270494,-0.139076,0.097813,0.098219,0.098371,0.101481,0.021915,0.05438,0.134587,0.06462,0.217175,0.243645,0.365405,0.280042,0.529454,0.032719,0.03696,0.054958,0.37676,-0.134106,-0.054,-0.055793,0.0142,0.0424,12.83906,38.336347,0.488246,1.000279,0.114273,0.0012,0.001239,0.0,1.0,0.0,0.0,0.0,0.0,0.0,0.0,0.0,-0.055762,0.100065,0.0,2.0,-2.0,-0.273136,-0.037373,0.491327,-1.408258,-0.438529,-0.830854,0.458371,0.467339,1.320888,1.567056,1.555239,0.618549,0.15,0.06,-0.04138,0.474347,-0.075451,-0.134073,-0.075309,-0.5,0.866025,-0.090172,36.328555,0.000382,0.289114,0.099459,-0.410091,0.02869,40.383426,-0.002291,0.358377,0.099578,-0.361253,0.046772,38.351053,-0.013301,0.315907,0.100387,-0.223641,0.027059,34.998071,-0.024971,0.250614,0.100922,-0.167176,-0.054524,-0.008435,-0.0817,0.0893,-0.090172,7.212926,34.86509,30.05348,9689.156111,-1.0,-0.000485,0.974928,-0.222521,0.0,0.0,0.0,-0.160686,-0.03873,0.713638,0.079351,0.210557,0.499176
8,1787782860,1787782920,LONG,96.7068,96.65139,-0.0573,1,SL,0.0049,-0.084,0.09235,0.009411,0.027099,-0.081107,-0.225636,-0.123313,-0.119806,-0.667338,0.00941,0.956682,0.615558,-0.036075,-0.094229,-0.102545,-0.219511,-0.367439,-0.527363,-0.727248,-0.813525,-0.034585,-0.079979,-0.1144,-0.214365,-0.263302,-0.43546,-0.621593,-0.82667,-0.06993,0.045384,0.010726,0.00681,-1.056525,-1.040231,-0.994769,-1.193214,-1.658564,-0.134494,-0.22157,-1.0,0.253742,0.891388,1.220485,0.666669,0.226681,0.0,0.0,-0.008549,0.401012,0.084055,0.84761,0.064129,1.110982,-0.144544,-0.139319,-0.005225,0.47803,-0.149466,-0.149072,39.1547,13.068707,41.052539,-27.983832,36.048299,0.0,100.0,-100.0,20.0,100.0,-80.0,-0.291488,-0.607256,-0.47171,-0.023603,-32.935446,0.699894,0.655796,0.044098,33.894356,30.510915,32.320719,34.137195,-0.568588,19.490806,10.497011,37.478397,54.198443,48.626956,-0.0785,-0.2187,-0.0017,-0.7257,-0.6887,-0.081107,-0.225636,-0.001758,-0.104743,-0.532477,-0.707114,-35.358561,-80.509194,-0.101166,-0.190866,-0.32175,-0.149072,0.094365,0.096468,0.097208,0.099753,0.001751,0.067233,0.127537,0.085619,0.233581,0.215983,0.339696,0.309124,0.525734,0.030237,0.036561,0.057728,0.615558,-0.712819,0.0155,0.016028,0.0208,0.0534,23.188406,59.531773,0.172798,0.99992,0.092754,-0.0064,-0.006619,1.0,0.0,0.0,0.0,0.0,0.0,0.0,0.0,0.0,0.01603,0.084055,2.0,0.0,2.0,-0.339627,-1.225398,1.015702,-0.062468,-0.310001,-1.121029,0.803821,0.116766,1.320888,1.567056,1.584655,0.57216,0.15,0.06,-0.072797,0.335084,-0.335765,-0.228816,-0.323692,-0.5,0.866025,0.017687,31.546582,-0.006817,0.229053,0.100839,-0.480221,-0.108177,30.152516,-0.005853,0.186847,0.105091,0.386062,-0.054524,34.100905,-0.000102,0.259891,0.101481,-0.134106,-0.090172,36.328555,0.000382,0.289114,0.099459,-0.410091,0.009411,-0.045155,0.022,0.0709,0.017687,0.316869,57.227348,42.385897,9680.823765,-1.0,0.001592,0.974928,-0.222521,0.0,0.0,0.0,-0.358073,-0.001758,0.776364,0.071246,0.291706,0.492961
9,1787783040,1787783280,LONG,96.6822,96.79764,0.1194,4,TP,0.1473,-0.0383,0.0888,-0.021319,-0.105267,-0.10568,-0.078609,-0.331078,-0.107436,-0.782708,-0.021322,-0.137114,0.15025,-0.06573,-0.104427,-0.146971,-0.220866,-0.415949,-0.58006,-0.800751,-0.912634,-0.061919,-0.111965,-0.147716,-0.250107,-0.301018,-0.484399,-0.686975,-0.905411,-0.094241,-0.014469,-0.015894,-0.013178,-1.222171,-1.483478,-1.368846,-1.281324,-1.713117,-0.138297,-0.234879,-1.0,0.140856,0.614979,-0.129035,0.529525,0.086815,0.0,1.0,-0.129014,0.380501,0.018113,0.685782,0.010717,1.15905,-0.148764,-0.142729,-0.006036,0.31812,-0.153993,-0.153529,44.146398,10.465109,39.752507,-29.287398,40.524472,35.714286,100.0,-64.285714,8.0,100.0,-92.0,-0.711489,-0.55498,-0.50533,-0.023294,-36.219974,0.826056,0.56589,0.260166,3.592862,21.893,28.116161,31.233781,-0.992028,3.389831,8.526553,-6.883614,30.313742,39.765785,-0.1022,-0.076,-0.2478,-0.6242,-0.8369,-0.10568,-0.078609,-0.255852,-0.253792,-0.772313,-0.858871,-43.767678,-96.610169,-0.086072,-0.166372,-0.339966,-0.153529,0.085216,0.09,0.092361,0.093163,-0.058084,0.049278,0.091314,0.11033,0.173746,0.148854,0.323051,0.329012,0.49891,0.014709,0.034842,0.053856,0.15025,-1.607474,-0.0139,-0.014388,0.0544,0.012,67.745953,14.94396,0.173101,1.000072,0.083122,-0.0067,-0.006934,0.0,1.0,0.0,0.0,1.0,0.0,0.0,0.0,1.0,-0.014386,0.018113,0.0,3.0,-3.0,0.491445,-0.998827,0.900968,0.730956,-0.153022,-1.225114,0.883341,-0.079222,1.559581,1.585934,1.567193,0.567232,0.05,0.02,-0.105688,0.268231,-0.430846,-0.408744,-0.406028,-0.5,0.866025,-0.083965,28.920585,-0.004895,0.162171,0.094687,-1.555495,-0.000414,32.303426,-0.002708,0.267389,0.095497,-1.46512,0.009411,32.320719,-0.005225,0.253742,0.099753,-0.712819,0.017687,31.546582,-0.006817,0.229053,0.100839,-0.480221,-0.021319,-0.01572,-0.0782,0.0859,-0.083965,55.510753,53.856773,46.29192,9677.270822,-1.0,-0.001141,0.974928,-0.222521,0.0,0.0,0.0,-0.934327,-0.255852,0.673361,0.012422,0.159432,0.474819
10,1787783220,1787783340,LONG,96.7786,96.72731,-0.053,2,SL,0.0475,-0.2343,0.08549,0.024307,0.022962,0.102893,-0.002482,0.024203,-0.153222,-0.385974,0.024304,0.411969,0.547052,0.046328,0.029092,0.017282,-0.055582,-0.262367,-0.427545,-0.665513,-0.804871,0.020922,0.002122,-0.021562,-0.107113,-0.154473,-0.337214,-0.550022,-0.779433,0.028566,0.038864,0.057687,0.032589,0.748414,-0.175198,-0.629802,-0.72109,-1.236757,-0.109233,-0.230347,-1.0,0.352016,0.375593,-1.258911,0.243514,0.132288,0.0,0.0,0.220564,0.348559,0.279338,0.412391,0.099491,1.157858,-0.128757,-0.139041,0.010283,0.964615,-0.133145,-0.13294,43.292757,15.581972,29.053005,-13.471033,44.026102,14.285714,78.571429,-64.285714,0.0,88.0,-88.0,-0.251118,-0.147211,-0.35769,-0.020121,-32.913828,0.819456,0.593606,0.225851,82.866357,43.939683,37.528419,37.081741,0.198076,31.468927,27.165725,40.07533,76.726627,64.827505,0.0994,-0.0024,-0.1341,-0.3109,-0.8807,0.102893,-0.002482,-0.138478,-0.199901,-0.68062,-0.902494,-24.943161,-68.531073,-0.008411,-0.063111,-0.299168,-0.13294,0.071029,0.080163,0.084864,0.082894,-0.153485,0.042156,0.134547,0.048937,0.175258,0.090854,0.329686,0.335741,0.489945,0.019126,0.035533,0.050108,0.547052,-2.120078,0.0337,0.034848,0.021,0.0,38.391225,0.0,0.616088,0.999826,0.056564,-0.0102,-0.01055,1.0,0.0,0.0,0.0,0.0,0.0,1.0,0.0,0.0,0.034861,0.279338,1.0,0.0,1.0,0.185033,1.531362,0.180626,-0.971596,0.059165,-1.280195,0.262724,0.052789,1.073543,1.553019,1.530721,0.481894,0.35,0.14,0.010625,0.129441,-0.383733,-0.45176,-0.365945,-0.5,0.866025,-0.001345,35.306564,0.004677,0.281958,0.086966,-1.999292,0.079913,35.371185,-0.000206,0.27525,0.091847,-1.620429,-0.021319,28.116161,-0.006036,0.140856,0.093163,-1.607474,-0.083965,28.920585,-0.004895,0.162171,0.094687,-1.555495,0.024307,-0.000482,-0.0096,0.0534,-0.001345,34.570766,29.691529,47.540617,9674.754153,1.0,0.005606,0.974928,-0.222521,0.0,0.0,0.0,0.616734,-0.138478,0.297194,0.115196,0.13707,0.480591
11,1787783400,1787783640,SHORT,96.4665,96.33254,0.1389,4,TP,0.1078,0.0,0.10305,-0.230844,-0.234349,-0.1578,-0.134875,-0.160278,-0.29606,-0.265266,-0.231111,-1.720992,-2.743017,-0.151378,-0.127915,-0.134431,-0.19888,-0.373334,-0.52599,-0.784771,-0.953071,-0.126679,-0.146705,-0.16456,-0.235649,-0.278484,-0.455872,-0.674898,-0.913079,-0.135765,-0.182891,-0.104673,-0.118896,-1.693119,-2.028136,-1.981013,-1.645482,-1.590382,-0.089074,-0.220744,-1.0,0.018271,0.412846,-1.056839,0.406111,0.007558,0.0,1.0,-0.060038,0.40553,0.0,0.409314,0.0,1.17771,-0.110484,-0.1245,0.014016,0.949648,-0.11443,-0.114112,34.753349,18.379435,43.496409,-25.116974,38.949021,0.0,100.0,-100.0,0.0,100.0,-100.0,-1.021622,-0.661157,-0.437375,-0.014062,-28.280176,0.761088,0.640146,0.120942,9.569555,28.936276,32.154386,33.714295,-0.42844,0.0,34.774475,-69.548951,25.326088,74.635824,-0.1526,-0.1304,-0.1463,-0.2015,-1.0807,-0.1578,-0.134875,-0.151296,-0.241668,-0.543165,-1.106906,-35.691227,-100.0,0.023622,-0.165778,-0.215432,-0.114112,0.113579,0.1007,0.097885,0.104296,0.066002,0.092417,0.264939,0.071362,0.281818,0.099851,0.359418,0.321016,0.531506,0.042435,0.037027,0.050279,2.743017,0.915267,-0.1894,-0.196164,0.0,0.0,0.0,0.0,1.0,1.000981,0.196164,-0.034,-0.035133,0.0,1.0,0.0,0.0,0.0,1.0,0.0,0.0,0.0,-0.19578,0.0,0.0,2.0,-2.0,-0.404347,-0.171565,0.06657,-0.594256,0.161593,-1.259312,0.084481,0.0253,1.073543,1.553019,1.379664,0.420681,0.05,0.02,-0.134746,0.287695,0.090338,-0.006749,0.090093,-0.5,0.866025,-0.003513,43.834887,0.024885,0.55877,0.084549,-1.687404,0.076729,44.061084,0.019261,0.563117,0.088333,-1.362213,0.024307,37.528419,0.010283,0.352016,0.082894,-2.120078,-0.001345,35.306564,0.004677,0.281958,0.086966,-1.999292,-0.230844,-0.026933,-0.013,0.058,-0.003513,28.446432,18.552619,33.349608,9670.431337,1.0,-0.010869,0.974928,-0.222521,0.0,0.0,0.0,-0.43526,-0.151296,0.409314,0.0,0.282543,0.51538
12,1787783580,1787783640,SHORT,96.3742,96.2444,0.1347,1,TP,0.0121,0.0,0.09984,-0.023215,-0.001659,-0.090004,-0.324142,-0.224757,-0.241163,-0.398448,-0.023218,0.411104,-0.061693,-0.087251,-0.154015,-0.160195,-0.238816,-0.39212,-0.543447,-0.829181,-1.029183,-0.069665,-0.125185,-0.157482,-0.24674,-0.294229,-0.485001,-0.720579,-0.973167,-0.121116,0.038296,-0.033203,-0.010962,-1.209417,-1.435849,-1.766051,-1.996504,-1.679832,-0.121707,-0.238851,-1.0,0.071171,0.556903,-0.415954,0.518506,0.03973,0.0,1.0,-0.105045,0.391753,0.079083,0.542684,0.033788,1.270203,-0.13251,-0.126256,-0.006255,0.147123,-0.137366,-0.136962,41.667885,12.689841,44.265634,-31.575794,37.429596,71.428571,100.0,-28.571429,0.0,100.0,-100.0,-1.024772,-0.854795,-0.422225,-0.017416,-32.951258,0.825867,0.594225,0.231642,15.682951,25.888849,29.897851,31.989963,-0.617731,10.321616,10.642452,9.679943,11.174027,11.085676,-0.0869,-0.3137,-0.1607,-0.3617,-1.1639,-0.090004,-0.324142,-0.166312,-0.25055,-0.35503,-1.192169,-40.204298,-89.678384,-0.139732,-0.203432,-0.295507,-0.136962,0.095165,0.094942,0.094694,0.098422,-0.004938,0.131206,0.226575,0.12204,0.284161,0.134625,0.328391,0.313781,0.533137,0.043518,0.03182,0.052178,0.061693,0.183504,-0.0132,-0.013684,0.0091,0.0414,14.285714,64.992151,0.207221,1.000068,0.066034,-0.0092,-0.009535,0.0,1.0,0.0,0.0,0.0,0.0,0.0,1.0,0.0,-0.013682,0.079083,0.0,1.0,-1.0,-0.082608,-1.627139,-0.203963,-0.532348,0.05229,-1.333594,0.722578,0.062666,1.213008,1.460971,1.412318,0.460485,0.05,0.02,-0.16125,0.327036,-0.352676,-0.190601,-0.338747,-0.5,0.866025,0.021562,30.774301,-0.002927,0.050337,0.103364,0.822857,-0.088346,28.979139,0.00216,-0.065018,0.106821,1.165281,-0.230844,32.154386,0.014016,0.018271,0.104296,0.915267,-0.003513,43.834887,0.024885,0.55877,0.084549,-1.687404,-0.023215,-0.064871,0.0126,0.0782,0.021562,29.107046,36.022309,41.10073,9663.601242,-1.0,-0.003328,0.974928,-0.222521,0.0,0.0,0.0,-0.508342,-0.166312,0.499767,0.042917,0.415977,0.495936
13,1787783760,1787783820,SHORT,96.231,96.28943,-0.0607,1,SL,0.0,0.0,0.09738,0.043646,-0.10812,-0.202042,-0.203698,-0.525529,-0.368018,-0.648207,0.043637,1.037602,0.990759,-0.098459,-0.188941,-0.248772,-0.347387,-0.494221,-0.66951,-0.985389,-1.21279,-0.086948,-0.174529,-0.224141,-0.341674,-0.397737,-0.611194,-0.869176,-1.139575,-0.154639,0.036645,-0.028138,0.017058,-1.128195,-1.424984,-1.924982,-2.109565,-1.985745,-0.167437,-0.270444,-1.0,0.014188,0.715063,0.274559,0.707376,0.01018,0.0,1.0,-0.306926,0.408778,0.060676,0.719019,0.033643,1.29677,-0.168166,-0.141997,-0.026169,-0.713853,-0.174682,-0.173987,51.340535,7.852689,49.107852,-41.255163,45.001415,50.0,92.857143,-42.857143,16.0,96.0,-80.0,-1.208937,-1.092228,-0.523635,-0.025258,-39.741383,0.681674,0.659753,0.02192,29.42018,22.027237,25.99951,28.713236,-1.051137,7.039893,3.020984,15.077711,16.940712,5.646904,-0.1949,-0.1965,-0.4109,-0.6559,-1.1637,-0.202042,-0.203698,-0.425006,-0.346773,-0.599685,-1.194351,-48.00098,-92.960107,-0.212667,-0.266267,-0.38327,-0.173987,0.101055,0.099874,0.098568,0.103744,0.036814,0.114909,0.181869,0.194942,0.30596,0.172698,0.350101,0.32677,0.542905,0.046972,0.035597,0.056145,0.990759,0.739499,0.0327,0.033967,0.0179,0.003,33.395522,5.597015,0.610075,0.99983,0.055677,0.0093,0.009665,1.0,0.0,0.0,0.0,0.0,0.0,0.0,0.0,1.0,0.033979,0.060676,1.0,0.0,1.0,0.120316,-1.079465,-0.881305,-0.043224,-0.148335,-1.02652,0.872563,0.374422,1.494175,1.426444,1.411312,0.582297,0.1,0.04,-0.220318,0.453828,-0.498079,-0.473195,-0.460605,-0.5,0.866025,-0.1517,22.315684,-0.024145,-0.111343,0.11018,1.617072,-0.094024,26.595042,-0.01265,-0.005586,0.1036,0.888805,-0.023215,29.897851,-0.006255,0.071171,0.098422,0.183504,0.021562,30.774301,-0.002927,0.050337,0.103364,0.822857,0.043646,-0.040746,-0.13,0.1345,-0.1517,56.141549,55.410999,29.891347,9654.895361,-1.0,-0.002024,0.974928,-0.222521,0.0,0.0,0.0,-0.689225,-0.425006,0.675392,0.043627,0.297419,0.584825
14,1787783940,1787784120,SHORT,96.2314,96.28996,-0.0609,3,SL,0.0,-0.0164,0.09759,-0.029828,-0.043749,-0.084242,-0.192271,-0.287768,-0.508891,-0.61662,-0.029833,0.12138,-0.058048,-0.039698,-0.123394,-0.165151,-0.345319,-0.482897,-0.686474,-1.023582,-1.278463,-0.063862,-0.142931,-0.195611,-0.325837,-0.387514,-0.61949,-0.899089,-1.187849,-0.098972,0.029797,0.006583,0.030695,-1.115812,-1.112767,-1.679612,-1.789724,-1.888017,-0.183168,-0.294613,-1.0,0.093844,0.850214,0.847005,0.773096,0.080064,0.0,1.0,-0.282787,0.39955,0.047069,0.693531,0.023808,1.371156,-0.185671,-0.161386,-0.024284,-0.686878,-0.193027,-0.192279,57.94972,7.867476,45.43401,-37.566533,53.59273,28.571429,100.0,-71.428571,4.0,100.0,-96.0,-0.966457,-1.019984,-0.56705,-0.031263,-44.562003,0.68333,0.681074,0.002256,8.56943,17.946988,23.51963,26.862171,-1.360135,4.70694,5.291325,3.538172,5.536552,8.903705,-0.0811,-0.1853,-0.5863,-0.4921,-1.0338,-0.084242,-0.192271,-0.605837,-0.533068,-0.731903,-1.063332,-52.960741,-95.29306,-0.128701,-0.235601,-0.428547,-0.192279,0.095495,0.096471,0.096362,0.100293,0.001446,0.02918,0.159081,0.135738,0.26186,0.205161,0.334627,0.352156,0.536249,0.042344,0.035612,0.059948,0.058048,0.337872,-0.0461,-0.047927,0.0294,0.0314,27.502339,29.373246,0.431244,1.00024,0.111135,0.0174,0.018084,0.0,1.0,0.0,0.0,0.0,0.0,0.0,0.0,0.0,-0.047904,0.047069,0.0,3.0,-3.0,0.243716,-1.865755,-0.461844,-1.319275,-0.13519,-0.910913,0.895475,0.616172,1.213008,1.397992,1.506818,0.579338,0.05,0.02,-0.16556,0.531012,-0.547072,-0.546026,-0.498322,-0.5,0.866025,-0.013925,24.413443,-0.026014,0.07174,0.098596,0.075891,-0.040511,24.82242,-0.02726,0.029013,0.101199,0.393446,0.043646,25.99951,-0.026169,0.014188,0.103744,0.739499,-0.1517,22.315684,-0.024145,-0.111343,0.11018,1.617072,-0.029828,-0.038464,-0.0127,0.0785,-0.013925,82.357073,48.249828,23.32029,9646.495047,-1.0,0.001729,0.974928,-0.222521,0.0,0.0,0.0,-1.059076,-0.605837,0.660887,0.032644,0.213192,0.519383
15,1787784120,1787784180,LONG,96.2846,96.23162,-0.055,1,SL,0.0071,-0.1259,0.0883,0.062364,0.039592,0.083793,0.040008,-0.108639,-0.522551,-0.452603,0.062344,1.288154,1.092091,0.04793,0.040281,0.001039,-0.189343,-0.332568,-0.53826,-0.896663,-1.178678,0.025608,-0.015317,-0.055414,-0.17407,-0.234756,-0.472116,-0.766957,-1.071763,0.030806,0.058472,0.087572,0.06824,0.41912,-0.299893,-0.912886,-1.114336,-1.436581,-0.158777,-0.298566,-1.0,0.283949,0.876381,0.871108,0.628724,0.24932,0.0,0.0,0.079345,0.383805,0.204842,0.725152,0.105934,1.402209,-0.173154,-0.169809,-0.003346,0.266987,-0.179864,-0.179442,58.265898,11.319214,34.737912,-23.418699,58.319876,7.142857,85.714286,-78.571429,0.0,92.0,-92.0,-0.272706,-0.55085,-0.462585,-0.030447,-43.350697,0.669823,0.691557,-0.021734,79.639027,38.725696,32.803807,32.647626,0.181707,20.484171,15.800029,29.852457,48.738434,31.608877,0.0806,0.0385,-0.2178,-0.4373,-1.0038,0.083793,0.040008,-0.225729,-0.292382,-0.533343,-1.031938,-34.392387,-79.515829,-0.059691,-0.128991,-0.367349,-0.179442,0.086201,0.091073,0.092679,0.094602,-0.055012,0.030026,0.094356,0.08601,0.206248,0.211322,0.34805,0.362655,0.536893,0.029253,0.03556,0.056773,1.092091,-0.393761,0.0625,0.064922,0.0068,0.0,9.81241,0.0,0.901876,0.999675,0.071985,-0.0025,-0.002598,1.0,0.0,0.0,0.0,0.0,1.0,1.0,0.0,0.0,0.064964,0.204842,1.0,0.0,1.0,1.690563,2.353676,0.171716,-1.574885,-0.00087,-0.934813,0.689055,0.606502,1.213008,1.505072,1.493749,0.579755,0.35,0.14,0.03968,0.38426,-0.42128,-0.491087,-0.398008,-0.5,0.866025,-0.022758,26.914746,-0.0126,0.19107,0.098142,0.065463,0.044184,27.738685,-0.017744,0.182443,0.101417,0.49417,-0.029828,23.51963,-0.024284,0.093844,0.100293,0.337872,-0.013925,24.413443,-0.026014,0.07174,0.098596,0.075891,0.062364,0.008007,-0.0172,0.0738,-0.022758,42.975533,39.124989,22.881073,9637.574152,-1.0,0.009254,0.974928,-0.222521,0.0,0.0,0.0,0.678848,-0.225729,0.57661,0.148541,0.171233,0.504296
16,1787784300,1787784360,LONG,96.2511,96.19236,-0.061,1,SL,0.0462,-0.0737,0.09789,0.045959,-0.071039,-0.055365,-0.015795,-0.01538,-0.28097,-0.402464,0.045949,0.687641,0.897636,-0.014715,-0.007807,-0.013374,-0.180439,-0.339255,-0.532105,-0.909494,-1.216102,-0.009146,-0.037946,-0.068972,-0.173943,-0.2317,-0.468709,-0.774857,-1.093841,-0.010141,-0.016792,0.037221,0.010742,-0.234313,-0.466414,-0.881233,-1.089101,-1.393593,-0.136049,-0.295279,-1.0,0.291637,0.865981,0.754796,0.614538,0.253008,0.0,0.0,0.092347,0.397845,0.134566,0.730646,0.069826,1.408079,-0.157043,-0.165319,0.008276,0.937883,-0.163219,-0.162841,53.645855,11.257366,37.242961,-25.985596,55.922334,0.0,100.0,-100.0,36.0,100.0,-64.0,-0.200204,-0.522705,-0.455695,-0.025348,-40.333704,0.750746,0.615708,0.135038,49.268004,37.777164,33.351442,32.991744,0.344793,24.095772,20.217183,31.85295,92.54897,83.495249,-0.0533,-0.0152,-0.0118,-0.466,-0.9811,-0.055365,-0.015795,-0.012263,-0.257814,-0.507718,-1.00939,-33.297115,-75.904228,-0.058203,-0.171803,-0.313369,-0.162841,0.098652,0.096263,0.095818,0.100049,0.001317,0.04614,0.159657,0.036444,0.173233,0.20868,0.349174,0.36934,0.530077,0.024731,0.037064,0.058856,0.897636,0.278287,0.0441,0.045834,0.019,0.0505,16.725352,44.454225,0.388204,0.999771,0.118067,0.0001,0.000104,1.0,0.0,0.0,0.0,0.0,0.0,0.0,0.0,1.0,0.045855,0.134566,1.0,0.0,1.0,0.126469,-0.826656,0.808172,-0.804726,0.17233,-0.88316,-0.049897,0.78534,1.320888,1.464816,1.507933,0.571648,0.2,0.08,-0.009562,0.29852,-0.197239,-0.235456,-0.19472,-0.5,0.866025,-0.116945,29.224203,0.004542,0.2182,0.097321,-0.043842,0.015685,34.239921,0.005142,0.321155,0.09171,-0.748891,0.062364,32.803807,-0.003346,0.283949,0.094602,-0.393761,-0.022758,26.914746,-0.0126,0.19107,0.098142,0.065463,0.045959,-0.003139,-0.0979,0.128,-0.116945,2.813543,41.959301,38.038915,9627.469885,1.0,0.003733,0.974928,-0.222521,0.0,0.0,0.0,0.61059,-0.012263,0.632326,0.09832,0.203804,0.474401
17,1787784480,1787784540,LONG,96.2481,96.18833,-0.0621,1,SL,0.0324,-0.0697,0.09961,-0.003015,-0.076674,-0.04043,-0.11144,-0.056219,-0.052687,-0.545063,-0.003015,0.272025,0.372303,-0.022932,-0.044429,-0.042372,-0.140231,-0.321195,-0.509901,-0.91111,-1.240503,-0.026726,-0.050431,-0.075122,-0.167089,-0.22113,-0.454515,-0.769372,-1.101448,-0.037392,-0.016474,0.007919,-0.014829,-1.069744,-1.14597,-0.847937,-1.037514,-1.33945,-0.116717,-0.287907,-1.0,0.287768,0.660744,-0.200403,0.471264,0.190408,0.0,0.0,0.111059,0.401899,0.079232,0.730942,0.041113,1.408648,-0.140844,-0.154906,0.014062,1.169081,-0.146442,-0.146118,47.134171,14.184384,29.328973,-15.144589,51.216943,0.0,78.571429,-78.571429,24.0,88.0,-64.0,-0.190763,-0.384613,-0.39792,-0.020238,-37.063637,0.822277,0.594633,0.227644,25.746159,35.256842,32.945001,32.808246,0.337383,23.121627,24.427209,20.510464,74.936205,83.610269,-0.0389,-0.1073,-0.0403,-0.6013,-1.0697,-0.04043,-0.11144,-0.041884,-0.096292,-0.442731,-1.099983,-34.109998,-76.878373,-0.039516,-0.117116,-0.287852,-0.146118,0.097914,0.097212,0.096733,0.101075,0.008657,0.033775,0.158342,0.04012,0.182148,0.159095,0.337726,0.368003,0.528694,0.022628,0.034546,0.0636,0.372303,0.122186,-0.0264,-0.027449,0.0153,0.0359,19.716495,46.262887,0.340206,1.000137,0.080684,0.0235,0.024433,0.0,1.0,0.0,0.0,0.0,0.0,0.0,0.0,1.0,-0.027442,0.079232,0.0,2.0,-2.0,0.480901,-1.149675,1.61716,2.429101,0.357157,-0.689908,-0.030718,0.558058,1.320888,1.464816,1.507933,0.54774,0.1,0.04,-0.038705,0.228302,-0.121191,-0.14423,-0.120601,-0.5,0.866025,-0.073661,33.080945,0.013673,0.282722,0.104209,0.727851,0.036272,36.500172,0.013916,0.352394,0.101708,0.433985,0.045959,33.351442,0.008276,0.291637,0.100049,0.278287,-0.116945,29.224203,0.004542,0.2182,0.097321,-0.043842,-0.003015,-0.022278,-0.0683,0.1154,-0.073661,9.292137,53.673123,39.538139,9622.443829,1.0,0.00039,0.974928,-0.222521,0.0,0.0,0.0,0.395708,-0.041884,0.673028,0.057914,0.181021,0.506443
18,1787784660,1787784720,SHORT,96.1386,96.19611,-0.0598,1,SL,0.0,0.0,0.09586,-0.001664,-0.071378,0.002183,-0.074493,-0.109259,-0.039702,-0.3857,-0.001664,0.218833,0.214041,-0.014346,-0.022102,-0.037977,-0.076579,-0.256568,-0.436191,-0.874314,-1.222035,-0.018222,-0.034113,-0.052279,-0.12944,-0.178523,-0.404017,-0.724219,-1.067844,-0.025289,-0.012748,0.006775,-0.014356,-0.733231,-0.93806,-0.843327,-0.839287,-1.24488,-0.09536,-0.274933,-1.0,0.295616,0.374683,-1.405939,0.264123,0.110847,0.0,0.0,0.201341,0.401467,0.147224,0.408196,0.043251,1.389487,-0.121702,-0.140571,0.018869,1.212651,-0.126537,-0.126311,36.699953,15.902249,25.302019,-9.399771,43.01403,42.857143,57.142857,-14.285714,12.0,76.0,-64.0,-0.231233,-0.223299,-0.319475,-0.015484,-32.736556,0.961096,0.52845,0.432646,32.507396,39.351118,35.826392,34.810336,0.735755,29.504849,41.466735,5.581079,77.091556,84.901581,0.0021,-0.0717,-0.0301,-0.2871,-1.2535,0.002183,-0.074493,-0.031286,-0.009876,-0.542892,-1.286526,-28.347216,-70.495151,-0.021028,-0.099928,-0.2336,-0.126311,0.095664,0.096697,0.096629,0.100538,-0.000711,0.030721,0.135134,0.043602,0.202374,0.090161,0.276221,0.338478,0.517502,0.022516,0.025354,0.062369,0.214041,-0.100082,-0.0038,-0.003951,0.0324,0.0427,41.064639,54.119138,0.048162,1.00002,0.082034,0.0022,0.002287,0.0,1.0,1.0,0.0,1.0,0.0,0.0,0.0,1.0,-0.003951,0.147224,0.0,2.0,-2.0,0.459797,-1.687684,1.719304,2.388251,0.386996,-0.627385,-0.006072,-0.108953,1.320888,1.534141,1.524707,0.44664,0.15,0.06,-0.007824,0.093809,-0.115982,-0.110341,-0.115465,-0.5,0.866025,-0.069716,35.909664,0.018972,0.284083,0.103384,0.512899,0.073614,39.483456,0.0195,0.418509,0.103493,0.534967,-0.003015,32.945001,0.014062,0.287768,0.101075,0.122186,-0.073661,33.080945,0.013673,0.282722,0.104209,0.727851,-0.001664,-0.014888,-0.086,0.0983,-0.069716,6.269527,30.294397,43.446625,9621.327758,1.0,-0.000103,0.974928,-0.222521,0.0,0.0,0.0,0.616713,-0.031286,0.348099,0.060096,0.165285,0.530348
19,1787784840,1787784900,SHORT,96.0964,96.14767,-0.0534,1,SL,0.0,0.0,0.08545,-0.034838,-0.013834,-0.056249,-0.127587,-0.1307,-0.087517,-0.352045,-0.034844,-0.26184,-0.368709,-0.032572,-0.050209,-0.062691,-0.085882,-0.259673,-0.419275,-0.889227,-1.260377,-0.031863,-0.053615,-0.071812,-0.143429,-0.189637,-0.410023,-0.735892,-1.091118,-0.04632,-0.00699,-0.008967,-0.017551,-1.322298,-1.407627,-1.601491,-1.014021,-1.34529,-0.089862,-0.266976,-1.0,0.035643,0.184947,-2.02266,0.178509,0.006598,0.0,1.0,0.149594,0.383965,0.096381,0.273081,0.021895,1.202077,-0.113557,-0.128535,0.014978,0.800694,-0.118134,-0.11791,33.073986,13.990064,23.858517,-9.868453,35.777419,21.428571,85.714286,-64.285714,0.0,92.0,-92.0,-0.786158,-0.2834,-0.309775,-0.013294,-32.022778,0.995044,0.532642,0.462402,20.466819,34.14729,33.862191,33.638477,0.296559,11.632184,18.804598,-2.712644,55.275722,63.030514,-0.0541,-0.1228,-0.0467,-0.2489,-1.1039,-0.056249,-0.127587,-0.048559,-0.149788,-0.441732,-1.135359,-32.275618,-88.367816,-0.006906,-0.080806,-0.218942,-0.11791,0.086189,0.090878,0.092563,0.094541,-0.058786,0.024616,0.07953,0.041971,0.157639,0.044484,0.265943,0.300847,0.503227,0.017913,0.023051,0.063209,0.368709,-1.399103,-0.032,-0.03329,0.0367,0.0052,49.661705,7.036536,0.433018,1.000166,0.076879,-0.0015,-0.00156,0.0,1.0,0.0,0.0,0.0,0.0,0.0,1.0,0.0,-0.033279,0.096381,0.0,1.0,-1.0,0.395275,-0.599793,-0.03871,-0.760551,0.180059,-1.259603,0.324273,-0.064642,1.559581,1.460971,1.500805,0.416516,0.05,0.02,-0.055735,0.11472,-0.245288,-0.218498,-0.240485,-0.5,0.866025,0.021011,35.732976,0.016672,0.214737,0.097225,-0.880496,-0.042421,33.681505,0.016493,0.176059,0.099708,-0.275203,-0.001664,35.826392,0.018869,0.295616,0.100538,-0.100082,-0.069716,35.909664,0.018972,0.284083,0.103384,0.512899,-0.034838,-0.025525,0.0231,0.0781,0.021011,12.070302,27.40284,42.986349,9620.240103,1.0,-0.001694,0.974928,-0.222521,0.0,0.0,0.0,0.056485,-0.048559,0.246761,0.02632,0.186576,0.446205
20,1787785020,1787785080,SHORT,96.0861,96.13676,-0.0527,1,SL,0.0,0.0,0.08443,0.008219,0.031427,0.001352,-0.012482,-0.126236,-0.047207,-0.148956,0.008219,0.382704,0.280522,0.001498,-0.014562,-0.029556,-0.064415,-0.206615,-0.357253,-0.841164,-1.240294,-0.002562,-0.021432,-0.038172,-0.10375,-0.146975,-0.361188,-0.691321,-1.057534,-0.011338,0.02917,0.019903,0.012,-0.56941,-0.795479,-1.230902,-1.017523,-1.235247,-0.082336,-0.257705,-1.0,0.204817,0.218221,-1.748857,0.173638,0.044724,0.0,1.0,0.236436,0.362454,0.246348,0.263507,0.06727,0.964977,-0.104783,-0.118734,0.013951,0.676138,-0.109005,-0.108845,32.367452,16.429737,23.687556,-7.257819,33.530139,0.0,92.857143,-92.857143,0.0,96.0,-96.0,-0.512263,-0.271835,-0.242035,-0.012294,-31.56872,0.893568,0.546482,0.347086,60.743663,38.864022,35.714669,34.757365,0.67708,26.966292,17.863192,45.172492,63.264511,49.184977,0.0013,-0.012,-0.0536,-0.1044,-0.8887,0.001352,-0.012482,-0.055729,-0.093124,-0.350698,-0.916041,-28.570661,-73.033708,0.020644,-0.059556,-0.200464,-0.108845,0.079146,0.084539,0.087516,0.087946,-0.117285,0.022375,0.06259,0.043665,0.128867,0.052476,0.217373,0.27901,0.495257,0.017522,0.021066,0.055861,0.280522,-1.930135,0.0043,0.004473,0.0633,0.0126,78.927681,15.710723,0.053616,0.999978,0.083432,0.0036,0.003745,1.0,0.0,1.0,0.0,1.0,0.0,0.0,0.0,1.0,0.004473,0.246348,2.0,0.0,2.0,0.911848,1.134356,0.093749,-0.733213,0.131326,-1.681551,0.579544,0.221545,1.320888,1.567056,1.455657,0.338176,0.2,0.08,-0.028244,0.098256,-0.346079,-0.339057,-0.332894,-0.5,0.866025,0.023206,34.804438,0.012794,0.133143,0.088648,-2.136584,-0.030065,32.291535,0.012459,-0.01787,0.088926,-2.502577,-0.034838,33.862191,0.014978,0.035643,0.094541,-1.399103,0.021011,35.732976,0.016672,0.214737,0.097225,-0.880496,0.008219,-0.002493,0.0344,0.0836,0.023206,18.108108,14.104296,44.832316,9618.076002,1.0,0.001157,0.974928,-0.222521,0.0,0.0,0.0,0.551225,-0.055729,0.198592,0.064914,0.155729,0.396137
21,1787785200,1787785260,LONG,96.3349,96.27877,-0.0583,1,SL,0.0,-0.0692,0.09355,0.135998,0.231563,0.189334,0.22082,0.176828,0.133499,0.124443,0.135906,1.291255,2.151403,0.150826,0.165172,0.163253,0.1282,0.024951,-0.131067,-0.608635,-1.033173,0.119786,0.137291,0.134705,0.092765,0.05741,-0.139614,-0.467159,-0.84117,0.152837,0.12706,0.131786,0.092234,2.412632,2.292394,1.958602,1.932623,-0.460435,-0.044464,-0.232164,-1.0,0.992468,0.260322,-1.384827,0.001958,0.258031,1.0,0.0,0.754211,0.389784,0.967351,0.283048,0.292318,0.936676,-0.074298,-0.103808,0.02951,1.59425,-0.077146,-0.07719,29.181664,34.630391,20.639658,13.990734,31.766922,100.0,85.714286,14.285714,0.0,92.0,-92.0,1.620036,0.705056,0.022595,-0.008502,-23.413137,1.023009,0.430815,0.592194,93.827427,69.520782,53.66463,46.899022,3.374658,97.702853,55.716135,181.676288,100.0,70.686132,0.182,0.2122,0.1276,0.0772,-0.4447,0.189334,0.22082,0.132667,0.136519,0.040096,-0.459623,7.329261,-2.297147,0.133319,-0.009581,-0.121016,-0.07719,0.100572,0.094601,0.093709,0.098227,0.00026,0.08749,0.159062,0.063303,0.190274,0.062598,0.274328,0.27451,0.494585,0.024957,0.024027,0.054395,2.151403,0.333529,0.1367,0.14194,0.0062,0.0,4.338698,0.0,0.956613,0.99929,0.148377,-0.0059,-0.006134,1.0,0.0,0.0,0.0,0.0,1.0,0.0,0.0,0.0,0.142141,0.967351,2.0,0.0,2.0,1.853687,4.331979,0.360586,-0.606624,0.356605,-1.512527,0.400342,-0.152491,1.255482,1.541833,1.524707,0.499006,1.0,0.52,0.179631,-0.087661,-0.18303,-0.28365,-0.181013,-0.5,0.866025,0.095435,43.089654,0.017752,0.483994,0.090635,-1.065683,-0.042132,33.158765,0.012443,0.077323,0.087866,-1.694525,0.008219,35.714669,0.013951,0.204817,0.087946,-1.930135,0.023206,34.804438,0.012794,0.133143,0.088648,-2.136584,0.135998,0.044145,0.0919,0.105,0.095435,30.511717,8.404093,47.515935,9617.496401,1.0,0.011758,0.974928,-0.222521,0.0,0.0,0.0,3.118523,0.132667,0.009241,0.273807,0.281014,0.438228
22,1787785380,1787785440,LONG,96.2745,96.22499,-0.0514,1,SL,0.0508,-0.0788,0.08251,-0.035829,-0.081798,-0.054512,0.176925,0.166187,0.078082,-0.013919,-0.035835,-0.892154,-0.561143,-0.018177,0.045394,0.066523,0.06748,0.012481,-0.154349,-0.624471,-1.067685,-0.000785,0.026103,0.034828,0.019582,-0.005381,-0.176441,-0.493431,-0.870127,0.026297,-0.09424,-0.009733,-0.045728,0.574563,0.806248,0.842464,0.832102,-0.572624,-0.006519,-0.195985,-1.0,0.729851,0.293582,-1.12057,0.079257,0.214127,0.0,0.0,0.565024,0.361315,0.675408,0.324863,0.23412,0.937187,-0.038693,-0.075335,0.036642,1.513276,-0.040198,-0.040196,29.439192,30.151508,18.171181,11.980328,29.666288,85.714286,64.285714,21.428571,92.0,80.0,12.0,0.644055,0.424131,0.020425,-4.6e-05,-12.524963,1.082501,0.467247,0.615253,33.269436,56.079081,49.119854,44.619711,1.675882,67.540774,79.618378,43.385567,72.644331,85.649466,-0.0525,0.17,0.0973,-0.0285,-0.5705,-0.054512,0.176925,0.101187,0.079747,0.069863,-0.589198,-1.760293,-32.459226,0.080795,0.028495,0.029512,-0.040196,0.080202,0.084946,0.087186,0.08825,-0.094619,0.060736,0.17849,0.095744,0.197821,0.0706,0.273891,0.259857,0.470422,0.029019,0.025985,0.049993,0.561143,-1.369195,-0.0463,-0.048101,0.0,0.006,0.0,11.472275,0.885277,1.000241,0.054334,0.0118,0.012255,0.0,1.0,0.0,0.0,0.0,0.0,0.0,0.0,0.0,-0.048078,0.675408,0.0,2.0,-2.0,0.421498,-1.772232,0.517334,-0.54047,0.587406,-1.186927,0.803878,-0.559177,1.213008,1.508918,1.488851,0.495179,0.85,0.46,0.125187,-0.007532,0.301316,0.20604,0.292516,-0.258819,0.965926,-0.045985,51.820873,0.039295,0.83906,0.093434,-0.513244,0.027308,55.456892,0.037957,1.005555,0.097107,0.144935,0.135998,53.66463,0.02951,0.992468,0.098227,0.333529,0.095435,43.089654,0.017752,0.483994,0.090635,-1.065683,-0.035829,0.035385,-0.0249,0.0538,-0.045985,21.120035,3.075429,49.790956,9618.708313,1.0,-0.002653,0.974928,-0.222521,0.0,0.0,0.0,1.300429,0.101187,0.105448,0.219415,0.282768,0.529289
23,1787785560,1787785620,LONG,96.3483,96.45352,0.1092,1,TP,0.1241,0.0,0.08094,-0.012874,0.033965,0.053088,-0.028754,0.230106,0.154328,0.094579,-0.012875,-0.184686,-0.289106,0.018278,0.024446,0.0613,0.10697,0.084057,-0.064533,-0.536814,-0.994005,0.017661,0.042825,0.055321,0.056084,0.039139,-0.108759,-0.414659,-0.793331,0.027839,-0.000841,0.000661,-0.021835,0.564842,0.858097,1.270163,1.300624,-0.271857,0.013254,-0.164751,1.0,0.819013,0.335317,-0.857708,0.060623,0.274335,1.0,0.0,0.664089,0.355028,0.838823,0.32469,0.299669,0.908862,-0.015569,-0.049299,0.033729,1.135313,-0.016166,-0.016173,26.217934,25.463654,15.661857,9.801797,27.903734,64.285714,42.857143,21.428571,80.0,68.0,12.0,0.736148,0.75939,0.105855,0.004916,-5.078573,1.138901,0.449099,0.689802,61.01042,61.925491,53.000741,47.498708,1.640951,83.882315,81.718367,88.210212,89.397311,87.550154,0.0511,-0.0277,0.1885,0.0561,-0.6187,0.053088,-0.028754,0.196112,0.189232,0.039161,-0.638323,6.001482,-16.117685,0.074516,0.021016,0.063285,-0.016173,0.07999,0.083531,0.085693,0.086734,-0.102553,0.025303,0.086306,0.087124,0.189942,0.080647,0.24443,0.22876,0.467995,0.03238,0.02638,0.054515,0.289106,-1.220129,0.0049,0.005088,0.0187,0.0299,34.953271,55.88785,0.091589,0.999975,0.055551,-0.0173,-0.017961,1.0,0.0,1.0,0.0,1.0,0.0,0.0,0.0,1.0,0.005088,0.838823,0.0,1.0,-1.0,-1.022793,-0.379684,0.250273,-1.364236,0.719622,-0.986628,0.747309,0.069873,1.320888,1.460971,1.544405,0.516027,0.85,0.58,0.17818,-0.029775,0.289579,0.284301,0.281747,-0.258819,0.965926,0.046845,54.119009,0.035495,0.879522,0.091519,-0.578008,0.019116,50.598772,0.034919,0.768422,0.085706,-1.585579,-0.035829,49.119854,0.036642,0.729851,0.08825,-1.369195,-0.045985,51.820873,0.039295,0.83906,0.093434,-0.513244,-0.012874,-0.005745,0.039,0.1248,0.046845,41.712768,6.918239,67.648114,9620.894532,1.0,-0.001765,0.974928,-0.222521,0.0,0.0,0.0,1.378604,0.196112,0.052333,0.272358,0.13233,0.453988
24,1787785740,1787785860,SHORT,96.3261,96.38158,-0.0576,2,SL,0.0,0.0,0.09247,-0.026754,0.061755,0.104457,0.138458,0.075674,0.300774,0.239662,-0.026758,-1.153921,-0.65117,0.046179,0.081063,0.082717,0.181127,0.184848,0.063022,-0.401627,-0.869022,0.039356,0.079001,0.100093,0.123044,0.116079,-0.00269,-0.291946,-0.669121,0.063164,-0.003563,0.012783,-0.013961,1.313329,1.198966,1.661999,1.889338,0.296507,0.044009,-0.12558,1.0,0.906791,0.445259,-0.339479,0.041427,0.403026,1.0,0.0,0.83628,0.365817,0.784649,0.479733,0.465435,0.808752,0.015379,-0.02196,0.037339,1.254629,0.015952,0.01597,34.874104,39.905053,9.689031,30.216023,29.122033,100.0,21.428571,78.571429,100.0,56.0,44.0,0.899687,1.168049,0.225815,0.009872,4.793167,1.250773,0.388482,0.862291,66.766698,69.684508,59.47633,52.653497,1.770784,78.464865,89.12734,57.139914,91.076801,97.0256,0.1006,0.1333,0.23,0.1597,-0.2732,0.104457,0.138458,0.23914,0.292531,0.199135,-0.282579,18.95266,-21.535135,0.201187,0.101587,0.133379,0.01597,0.090085,0.087895,0.088137,0.091171,-0.047224,0.055236,0.105493,0.056065,0.182655,0.107122,0.240771,0.204785,0.461575,0.034615,0.026153,0.055279,0.65117,-0.165732,-0.0499,-0.051759,0.0497,0.0,49.899598,0.0,0.501004,1.000259,0.103311,0.0241,0.024991,0.0,1.0,0.0,0.0,0.0,0.0,0.0,0.0,0.0,-0.051733,0.784649,0.0,1.0,-1.0,0.859252,0.11769,0.28862,-1.158041,0.836668,-0.595088,0.702811,0.43418,1.255482,1.488429,1.567193,0.55678,0.95,0.7,0.282342,-0.100044,0.439672,0.401222,0.413372,-0.258819,0.965926,0.088533,62.054779,0.038088,1.024967,0.089279,-0.563321,0.042676,56.229132,0.033927,0.891703,0.084008,-1.498546,-0.012874,53.000741,0.033729,0.819013,0.086734,-1.220129,0.046845,54.119009,0.035495,0.879522,0.091519,-0.578008,-0.026754,0.027685,0.0832,0.1175,0.088533,49.568966,19.511301,71.758479,9626.522864,1.0,-0.00075,0.974928,-0.222521,0.0,0.0,0.0,1.507655,0.23914,0.103311,0.376422,0.321003,0.51925
25,1787785920,1787786100,SHORT,96.3433,96.39652,-0.0552,3,SL,0.0,-0.0702,0.0887,0.011829,0.064988,-0.019812,0.041931,0.118619,0.219281,0.217614,0.011828,0.050576,-0.021571,0.002075,0.026073,0.046479,0.130424,0.153567,0.064385,-0.388796,-0.86593,0.018041,0.040501,0.057312,0.083388,0.08133,-0.017162,-0.292144,-0.667839,0.024464,0.00353,-0.007101,-0.010431,0.675861,0.917275,1.167003,1.373013,0.337479,0.04287,-0.100466,1.0,0.7798,0.466132,-0.159979,0.102509,0.363016,1.0,0.0,0.721408,0.372574,0.743351,0.479828,0.440939,0.808912,0.023119,-0.001551,0.024671,0.203694,0.023985,0.024005,29.48227,28.543135,18.167724,10.375411,31.717207,78.571429,0.0,78.571429,88.0,44.0,44.0,0.418674,0.808694,0.19714,0.01108,7.308011,1.203499,0.424574,0.778925,64.796524,61.462622,56.601374,51.569348,1.259424,71.838671,68.169647,79.17672,71.245088,71.70663,-0.0191,0.0404,0.0981,0.2501,-0.3181,-0.019812,0.041931,0.101879,0.08317,0.219802,-0.328932,13.202748,-28.161329,0.073811,-0.010689,0.145794,0.024005,0.091351,0.089989,0.08971,0.093361,-0.021765,0.04003,0.151441,0.057784,0.161561,0.112178,0.243985,0.183774,0.471611,0.029073,0.027388,0.059314,0.021571,0.542163,0.0058,0.006017,0.0139,0.0648,16.449704,76.686391,0.068639,0.99997,0.087666,0.0056,0.00581,1.0,0.0,1.0,0.0,1.0,0.0,0.0,0.0,1.0,0.006018,0.743351,2.0,0.0,2.0,0.019866,-0.980524,-0.292544,-1.310665,1.038807,0.243605,0.6069,0.541427,1.559581,1.508918,1.500805,0.49055,0.9,0.74,0.246865,-0.05234,0.144725,0.272851,0.143723,-0.258819,0.965926,0.053153,55.797085,0.027066,0.784277,0.094248,0.623193,-0.084744,52.094528,0.029898,0.697046,0.095996,0.858329,-0.026754,59.47633,0.037339,0.906791,0.091171,-0.165732,0.088533,62.054779,0.038088,1.024967,0.089279,-0.563321,0.011829,0.008403,0.0389,0.0802,0.053153,24.109118,29.309739,69.570119,9631.677642,1.0,-0.002396,0.974928,-0.222521,0.0,0.0,0.0,0.830215,0.101879,0.123147,0.356681,0.214328,0.450072
26,1787786100,1787786160,LONG,96.4315,96.37958,-0.0538,1,SL,0.0638,-0.054,0.08653,0.072677,0.045255,-0.001867,0.063119,0.040063,0.10001,0.272145,0.07265,1.176537,1.015485,0.025196,0.014864,0.024169,0.093898,0.138926,0.080505,-0.355945,-0.842625,0.027639,0.037196,0.04803,0.070647,0.070933,-0.012505,-0.274674,-0.648889,0.023792,0.043254,0.010243,0.019991,0.437821,0.735655,0.948802,1.15483,0.466997,0.033439,-0.083093,1.0,0.729826,0.408559,-0.373649,0.110279,0.297898,0.0,0.0,0.692857,0.360348,0.739459,0.479837,0.43863,0.808927,0.022049,0.009512,0.012537,-1.085505,0.022876,0.022892,26.039215,25.357277,17.021868,8.335409,28.478946,57.142857,28.571429,28.571429,76.0,32.0,44.0,0.364472,0.597673,0.190585,0.009181,7.142516,1.012156,0.506549,0.505607,73.272329,59.125123,55.711474,51.538562,1.016297,60.977979,50.125164,82.683609,50.959862,28.561792,-0.0018,0.0608,0.0673,0.2905,-0.2953,-0.001867,0.063119,0.069872,0.135887,0.215743,-0.305434,11.422947,-39.022021,0.055242,-0.037058,0.109441,0.022892,0.0844,0.086012,0.08689,0.089236,-0.062855,0.03142,0.11412,0.041671,0.177792,0.098357,0.253527,0.166027,0.465797,0.023787,0.026552,0.054908,1.015485,-0.355735,0.0826,0.085696,0.0055,0.0042,5.95883,4.550379,0.894908,0.999572,0.09576,-0.0126,-0.013082,1.0,0.0,0.0,0.0,0.0,0.0,1.0,0.0,0.0,0.08577,0.739459,1.0,0.0,1.0,0.21877,-1.036927,-0.935634,0.085817,1.304,1.573006,0.04114,0.411114,1.494175,1.541833,1.574937,0.453463,0.85,0.78,0.121386,-0.032525,0.002411,0.062613,0.002411,-0.258819,0.965926,-0.027402,50.227284,0.012724,0.582814,0.088296,-0.607432,-0.047101,52.504142,0.018992,0.660142,0.092064,0.293946,0.011829,56.601374,0.024671,0.7798,0.093361,0.542163,0.053153,55.797085,0.027066,0.784277,0.094248,0.623193,0.072677,0.012631,-0.0329,0.0613,-0.027402,14.932327,31.835616,54.641752,9634.585686,1.0,-0.000187,0.974928,-0.222521,0.0,0.0,0.0,0.581513,0.069872,0.125017,0.35482,0.128245,0.519845
27,1787786280,1787786460,LONG,96.5749,96.71353,0.1435,3,TP,0.1752,-0.0103,0.10664,-0.060834,0.001556,0.047828,0.093105,0.110977,0.117733,0.318746,-0.060853,-1.341392,-1.333388,0.021782,0.038215,0.044278,0.088513,0.167534,0.145169,-0.273758,-0.770863,0.009052,0.033976,0.050304,0.084089,0.090196,0.029084,-0.214934,-0.584279,0.028946,-0.032907,-0.011688,-0.017197,0.787729,0.820061,1.07044,1.172536,1.03909,0.050096,-0.054959,1.0,0.791622,0.303519,-0.828633,0.063191,0.24006,1.0,0.0,0.709822,0.38966,0.760018,0.473593,0.497756,0.808541,0.038415,0.021943,0.016473,-0.732134,0.039836,0.039872,29.148053,30.469831,13.713555,16.756276,27.601501,100.0,7.142857,92.857143,100.0,20.0,80.0,0.429231,0.528815,0.220305,0.010049,12.049942,1.122927,0.46035,0.662577,44.924283,59.060634,57.084627,53.25335,0.897513,68.139535,79.492107,45.43439,55.23772,76.754781,0.0461,0.0897,-0.0006,0.3469,-0.3456,0.047828,0.093105,-0.000622,0.130624,0.320103,-0.357104,14.169254,-31.860465,0.162925,0.028525,0.140288,0.039872,0.103148,0.096041,0.093643,0.099593,0.041205,0.064899,0.132462,0.053759,0.17905,0.073108,0.264532,0.134529,0.468608,0.024833,0.029703,0.063235,1.333388,1.9366,-0.0494,-0.051227,0.0602,0.0248,44.791667,18.452381,0.36756,1.000256,0.139371,-0.0093,-0.009638,0.0,1.0,0.0,0.0,0.0,0.0,0.0,1.0,0.0,-0.051201,0.760018,0.0,1.0,-1.0,0.382664,-0.082371,-0.186496,0.394437,1.025381,1.937901,0.475217,0.262511,1.320888,1.585934,1.570471,0.493712,0.9,0.86,0.129364,-0.040987,0.147456,0.037061,0.146397,-0.258819,0.965926,0.062428,62.641523,0.018727,0.944093,0.093417,0.673555,0.046272,58.824491,0.014522,0.819739,0.089732,-0.235376,0.072677,55.711474,0.012537,0.729826,0.089236,-0.355735,-0.027402,50.227284,0.012724,0.582814,0.088296,-0.607432,-0.060834,0.018628,0.0363,0.1136,0.062428,0.12621,34.507112,57.398267,9638.184366,1.0,-0.002255,0.974928,-0.222521,0.0,0.0,0.0,0.38597,-0.000622,0.113654,0.359939,0.251817,0.463891
28,1787786460,1787786640,LONG,96.6311,96.77256,0.1464,3,TP,0.1801,-0.0215,0.10882,0.022758,0.119596,0.266921,0.268481,0.360274,0.266297,0.396434,0.022756,-0.392944,0.07152,0.122935,0.198123,0.225795,0.29777,0.395453,0.409554,0.024081,-0.484131,0.104414,0.172872,0.208209,0.274571,0.292673,0.267718,0.051135,-0.308141,0.164636,0.017108,0.065419,0.023019,1.536169,1.855874,2.43011,2.280662,2.854916,0.101524,-0.006834,1.0,1.090127,0.504586,0.067697,-0.045342,0.54843,1.0,0.0,1.126789,0.429977,1.0,0.508634,1.0,0.667595,0.081261,0.044753,0.036508,1.186531,0.084043,0.084289,38.898398,32.753626,7.925721,24.827905,32.637714,100.0,0.0,100.0,100.0,8.0,92.0,1.514038,1.440438,0.44965,0.016268,22.007306,1.174816,0.388449,0.786366,93.43535,79.055543,70.121714,63.414654,1.721076,100.0,96.357863,107.284273,100.0,100.0,0.2574,0.2589,0.3131,0.3555,0.2239,0.266921,0.268481,0.324869,0.29313,0.586518,0.232101,40.243428,-0.0,0.210492,0.095492,0.262139,0.084289,0.117627,0.108174,0.103111,0.111877,0.163571,0.11078,0.175867,0.131321,0.208536,0.12161,0.270248,0.138142,0.436941,0.035577,0.034132,0.066976,0.07152,2.195283,0.0164,0.016961,0.0,0.0986,0.0,85.73913,0.142609,0.999915,0.118936,0.0056,0.005793,1.0,0.0,0.0,0.0,0.0,0.0,0.0,0.0,1.0,0.016964,1.0,3.0,0.0,3.0,0.713992,-0.811445,1.246607,1.02275,0.910658,0.810348,0.870236,0.297312,1.559581,1.585934,1.477402,0.493352,1.0,1.0,0.38419,-0.266055,0.339707,0.275418,0.327216,-0.258819,0.965926,0.096816,69.232211,0.031681,1.194499,0.110816,2.497663,0.147149,65.136094,0.023052,1.162189,0.110417,3.035548,-0.060834,57.084627,0.016473,0.791622,0.099593,1.9366,0.062428,62.641523,0.018727,0.944093,0.093417,0.673555,0.022758,0.053663,0.1034,0.1103,0.096816,54.537537,35.062629,65.749849,9645.513848,1.0,0.004827,0.974928,-0.222521,0.0,0.0,0.0,1.497377,0.324869,0.0,0.508634,0.322683,0.493661
29,1787786640,1787786820,LONG,96.8051,96.74154,-0.0657,3,SL,0.1053,-0.0854,0.10594,0.025238,0.074717,0.013342,0.132954,0.281858,0.338254,0.464594,0.025235,-0.023528,0.049619,0.029873,0.097649,0.139061,0.249168,0.365725,0.408625,0.066319,-0.44821,0.051548,0.108888,0.145661,0.223914,0.249306,0.252898,0.062638,-0.28518,0.081193,-0.021608,0.003031,-0.018314,1.028859,1.202398,1.740223,1.90329,2.435723,0.114901,0.028919,1.0,0.926733,0.583897,0.421285,0.042674,0.539772,1.0,0.0,1.010626,0.425728,0.925206,0.564097,0.941648,0.723036,0.099833,0.068917,0.030916,0.472631,0.103236,0.103494,45.897918,27.015565,10.088342,16.927223,41.780163,85.714286,35.714286,50.0,92.0,0.0,92.0,1.074422,1.032267,0.430925,0.021165,26.792982,1.181654,0.411503,0.770151,79.726937,73.522931,68.023238,62.622568,1.323107,90.810811,83.558559,105.315315,89.451944,82.0167,0.0129,0.1284,0.3864,0.4288,0.3291,0.013342,0.132954,0.401176,0.326387,0.409828,0.341481,36.046477,-9.189189,0.163344,0.058244,0.323499,0.103494,0.107258,0.105281,0.102332,0.10887,0.126417,0.027488,0.128459,0.122548,0.20374,0.140811,0.270223,0.161573,0.431947,0.033104,0.03131,0.070663,0.049619,1.227613,0.0358,0.03702,0.0121,0.0572,11.512845,54.424358,0.340628,0.999815,0.108683,-0.0114,-0.011792,1.0,0.0,0.0,0.0,0.0,0.0,0.0,0.0,0.0,0.037034,0.925206,2.0,0.0,2.0,-0.366677,-1.788488,0.696027,-1.104273,1.053857,0.519724,0.84476,0.591782,1.213008,1.56071,1.488851,0.488498,1.0,1.0,0.368395,-0.118248,0.45131,0.441808,0.422975,-0.258819,0.965926,0.049466,66.916207,0.032311,0.940256,0.108926,1.365472,-0.06133,64.692672,0.033428,0.909584,0.112611,1.924247,0.022758,70.121714,0.036508,1.090127,0.111877,2.195283,0.096816,69.232211,0.031681,1.194499,0.110816,2.497663,0.025238,0.02659,0.0308,0.0655,0.049466,62.082262,40.908224,72.161353,9651.258039,1.0,-0.001395,0.974928,-0.222521,0.0,0.0,0.0,0.974498,0.401176,0.042191,0.521906,0.185471,0.498728
30,1787786820,1787786820,LONG,96.8322,96.8322,0.0,0,HORIZON,0.1382,-0.0424,0.10683,-0.075985,-0.017458,0.087794,0.162577,0.220865,0.489322,0.499443,-0.076013,-1.613583,-1.477194,0.021433,0.061823,0.108281,0.260268,0.393214,0.460768,0.173907,-0.340182,0.021762,0.086225,0.129527,0.226526,0.261231,0.298724,0.139898,-0.192722,0.05207,-0.062204,-0.036452,-0.055083,0.8475,1.003154,1.472013,1.653036,2.206066,0.14018,0.072035,1.0,0.856092,0.730902,1.089657,0.10491,0.624095,1.0,0.0,1.020271,0.419092,0.804251,0.627039,0.862197,0.890708,0.126978,0.094891,0.032087,0.405697,0.131191,0.131534,51.632532,38.428311,10.36602,28.062291,48.390562,92.857143,14.285714,78.571429,96.0,12.0,84.0,0.749242,0.914341,0.47608,0.02608,33.031551,1.260562,0.373184,0.887379,44.892252,68.572975,67.376354,63.371029,1.034854,80.425111,90.992475,59.290383,71.466683,90.488894,0.0849,0.1571,0.2965,0.4399,0.5572,0.087794,0.162577,0.30728,0.416343,0.552796,0.579023,34.752709,-19.574889,0.205623,0.130123,0.358354,0.131534,0.100203,0.102199,0.100984,0.10559,0.091048,0.075343,0.150353,0.122709,0.242542,0.176398,0.299067,0.201229,0.419211,0.031408,0.028125,0.068972,1.477194,0.600881,-0.0677,-0.069947,0.0,0.0078,0.0,10.331126,0.896689,1.00035,0.078005,-0.0059,-0.006091,0.0,1.0,0.0,0.0,0.0,0.0,0.0,1.0,0.0,-0.069898,0.804251,0.0,1.0,-1.0,-0.641114,0.891787,0.426441,-1.270927,1.04866,0.25836,0.823678,0.764673,1.386294,1.567056,1.567193,0.49929,0.9,0.96,0.413222,-0.109957,0.475903,0.468415,0.442957,-0.258819,0.965926,0.058571,74.223179,0.037519,1.007818,0.108813,1.008126,0.10527,72.202447,0.03429,1.00993,0.109433,1.167734,0.025238,68.023238,0.030916,0.926733,0.10887,1.227613,0.049466,66.916207,0.032311,0.940256,0.108926,1.365472,-0.075985,0.032512,0.0538,0.099,0.058571,43.622186,37.22603,73.263788,9659.686768,1.0,-0.005432,0.974928,-0.222521,0.0,0.0,0.0,0.339042,0.30728,0.122742,0.504297,0.30711,0.581829
31,1787787000,1787787000,SHORT,96.9218,96.9218,-0.0,0,HORIZON,0.0231,0.0,0.10069,0.095209,0.103271,0.148778,0.131295,0.311597,0.456516,0.543939,0.095163,1.059089,1.043138,0.083964,0.131178,0.161072,0.334762,0.473182,0.569178,0.335558,-0.172853,0.086951,0.14875,0.192368,0.297664,0.338674,0.404463,0.275845,-0.040982,0.116716,0.044455,0.028201,0.018435,1.512901,1.688717,1.656122,1.8552,2.344284,0.148693,0.106482,1.0,0.906569,0.823385,1.541676,0.076673,0.743964,1.0,0.0,1.17001,0.42983,1.0,0.652105,1.0,0.915382,0.141068,0.114919,0.026149,-0.370665,0.145533,0.146025,47.385009,33.23046,12.042609,21.187851,49.289887,100.0,7.142857,92.857143,100.0,0.0,100.0,0.763816,1.063039,0.564625,0.027757,36.721382,1.224773,0.386821,0.837953,92.396469,78.779844,73.150533,67.882836,1.589003,100.0,91.658685,116.68263,93.741327,79.752816,0.144,0.1271,0.2638,0.6061,0.7008,0.148778,0.131295,0.272892,0.517665,0.648965,0.728245,46.301067,-0.0,0.199323,0.058223,0.375186,0.146025,0.107262,0.105499,0.103595,0.108838,0.120681,0.052745,0.145568,0.096059,0.18681,0.198865,0.273624,0.234013,0.424401,0.029406,0.032024,0.067226,1.043138,0.74153,0.0904,0.093261,0.0,0.0507,0.0,35.931963,0.64068,0.999534,0.145566,0.0018,0.001859,1.0,0.0,0.0,0.0,0.0,0.0,0.0,0.0,0.0,0.093348,1.0,3.0,0.0,3.0,-0.021974,-1.03654,-0.010356,-1.457463,0.880392,-0.328778,0.78356,0.90686,1.255482,1.459359,1.555239,0.391798,1.0,1.0,0.527585,-0.144199,0.404631,0.424154,0.383904,-0.258819,0.965926,0.008055,69.531325,0.025022,0.838601,0.103286,0.18928,0.04546,69.205238,0.028943,0.869377,0.11032,1.005963,-0.075985,67.376354,0.032087,0.856092,0.10559,0.600881,0.058571,74.223179,0.037519,1.007818,0.108813,1.008126,0.095209,0.026262,0.0016,0.0558,0.008055,49.811178,53.499868,79.194163,9668.154509,1.0,0.001127,0.974928,-0.222521,0.0,0.0,0.0,1.295355,0.272892,0.0,0.652105,0.216909,0.485559
32,1787787180,1787787420,SHORT,96.9061,96.95994,-0.0556,4,SL,0.0069,-0.0074,0.08973,-0.047359,-0.049318,-0.060042,0.043167,0.071174,0.212686,0.503482,-0.04737,-1.062238,-1.208398,-0.024335,0.002826,0.027001,0.191221,0.341727,0.468097,0.286133,-0.217054,-0.009883,0.031446,0.068434,0.17064,0.214488,0.301542,0.201188,-0.098963,-0.001907,-0.065201,-0.064446,-0.051471,0.192284,0.58729,0.989106,1.187265,1.720622,0.139151,0.130679,1.0,0.73828,0.802505,1.496457,0.209631,0.591343,0.0,0.0,0.901005,0.4006,0.861841,0.687388,0.900119,0.950823,0.141088,0.12887,0.012218,-1.819348,0.145641,0.145954,43.596349,29.184065,22.282023,6.902041,46.800729,92.857143,0.0,92.857143,96.0,28.0,68.0,0.261748,0.552576,0.453635,0.0273,38.371642,1.250398,0.473772,0.776627,22.082773,64.74096,67.041327,64.137638,0.579454,77.057357,88.825029,53.522013,24.643543,62.67659,-0.0582,0.0418,0.1951,0.5307,0.5894,-0.060042,0.043167,0.201802,0.189884,0.483571,0.612144,34.082654,-22.942643,0.114133,0.019433,0.353498,0.145954,0.091104,0.095699,0.096937,0.098787,0.012942,0.039226,0.117887,0.070899,0.183817,0.193984,0.277001,0.262319,0.425355,0.033003,0.034521,0.061947,1.208398,-0.550339,-0.0359,-0.037058,0.0,0.0588,0.0,62.090813,0.379092,1.000185,0.097756,-0.01,-0.010318,0.0,1.0,0.0,0.0,0.0,0.0,0.0,0.0,0.0,-0.037045,0.861841,0.0,3.0,-3.0,-0.746633,0.503331,-0.503287,-0.964145,0.669683,-0.874584,0.607534,0.958078,1.559581,1.56071,1.572702,0.45313,0.85,0.94,0.330223,-0.029471,0.44911,0.453445,0.421167,-0.258819,0.965926,-0.00196,71.908793,0.019814,0.816235,0.097312,-0.651645,-0.010729,72.110032,0.023773,0.852404,0.103884,0.137098,0.095209,73.150533,0.026149,0.906569,0.108838,0.74153,0.008055,69.531325,0.025022,0.838601,0.103286,0.18928,-0.047359,0.008643,-0.0046,0.0529,-0.00196,42.533246,48.998246,70.37067,9677.496373,1.0,-0.007596,0.974928,-0.222521,0.0,0.0,0.0,-0.370958,0.201802,0.094969,0.592419,0.180698,0.423437
33,1787787360,1787787420,SHORT,96.9133,96.96646,-0.0549,1,SL,0.0,0.0,0.0886,0.083326,0.023734,0.056878,0.007532,0.10007,0.258795,0.562525,0.083291,1.391667,0.89764,0.034677,0.033709,0.051518,0.168007,0.345318,0.482634,0.353127,-0.148394,0.035946,0.061587,0.089378,0.179608,0.222644,0.32193,0.245185,-0.039846,0.037104,0.041625,-0.005442,0.018775,0.976224,1.148777,1.090721,1.181489,1.666388,0.117948,0.142067,1.0,0.770509,0.62108,0.755822,0.142293,0.477745,1.0,0.0,0.929247,0.396353,0.937095,0.605185,0.959939,0.950282,0.128772,0.130304,-0.001532,-2.334407,0.132852,0.133147,31.814294,27.21535,23.848399,3.366951,39.874821,71.428571,14.285714,57.142857,84.0,16.0,68.0,0.335686,0.46383,0.44188,0.022857,36.140784,1.119611,0.469166,0.650445,72.01309,66.103281,67.012979,64.528147,0.440588,89.626089,80.409713,108.058842,37.166488,26.194943,0.0551,0.0073,0.0673,0.4976,0.678,0.056878,0.007532,0.06948,0.233498,0.560647,0.704408,34.025959,-10.373911,0.11436,0.00206,0.299962,0.133147,0.094292,0.095079,0.095954,0.098091,0.00862,0.033606,0.131442,0.049996,0.183889,0.150249,0.286814,0.279386,0.41574,0.035655,0.034431,0.060535,0.89764,-0.940636,0.0753,0.077686,0.0181,0.0189,16.117542,16.82992,0.670525,0.999612,0.115858,0.0054,0.005576,1.0,0.0,0.0,0.0,0.0,0.0,1.0,0.0,0.0,0.077746,0.937095,1.0,0.0,1.0,-0.565691,-0.938689,-0.816747,-0.244689,0.434502,-1.25779,0.359424,0.886464,1.559581,1.581094,1.572702,0.456682,0.95,0.98,0.260835,-0.048566,0.256615,0.313128,0.251127,-0.258819,0.965926,-0.059542,62.748093,-0.000426,0.664135,0.095437,-1.166131,0.033136,68.64005,0.00769,0.76248,0.092591,-1.40087,-0.047359,67.041327,0.012218,0.73828,0.098787,-0.550339,-0.00196,71.908793,0.019814,0.816235,0.097312,-0.651645,0.083326,0.00152,-0.043,0.1033,-0.059542,15.079543,44.72407,69.455173,9683.028422,-1.0,-0.001106,0.974928,-0.222521,0.0,0.0,0.0,-0.236237,0.06948,0.038069,0.567116,0.175524,0.400378
34,1787787540,1787787660,SHORT,96.9713,96.85739,0.1175,2,TP,0.0484,0.0,0.08763,-0.068041,0.021566,0.005262,0.028997,0.012794,0.074746,0.519739,-0.068064,-0.96873,-1.445974,0.009451,0.01914,0.016798,0.103548,0.289601,0.44123,0.367923,-0.134441,0.000269,0.026078,0.050821,0.13482,0.177531,0.2883,0.234924,-0.034025,0.010781,-0.027367,-0.034171,-0.016894,0.425889,0.621429,0.94708,0.968012,1.449737,0.108714,0.153274,1.0,0.733581,0.443309,-0.101287,0.117984,0.324867,0.0,0.0,0.829214,0.38168,0.823923,0.462272,0.918509,0.998822,0.122545,0.127582,-0.005037,-1.945029,0.126421,0.126645,27.791213,26.710741,16.247965,10.462776,30.50988,92.857143,0.0,92.857143,96.0,4.0,92.0,0.20627,0.288775,0.377325,0.019421,34.679106,1.140375,0.504206,0.636169,42.416471,59.093714,63.3231,62.443483,-0.193737,72.858617,84.662902,49.250047,5.010916,29.572341,0.0051,0.0281,0.0942,0.3593,0.6861,0.005262,0.028997,0.097274,0.150845,0.567816,0.712845,26.6462,-27.141383,0.115042,0.033942,0.270752,0.126645,0.088769,0.090845,0.092561,0.093718,-0.03082,0.054224,0.170494,0.039869,0.197202,0.107318,0.267923,0.293725,0.417997,0.032915,0.029835,0.056137,1.445974,-1.300354,-0.0571,-0.058906,0.0,0.024,0.0,29.593095,0.704069,1.000295,0.083665,-0.0089,-0.009175,0.0,1.0,0.0,0.0,0.0,0.0,0.0,0.0,0.0,-0.058871,0.823923,0.0,1.0,-1.0,0.313971,1.971592,-0.578015,-0.834461,0.23366,-1.433855,0.101219,0.72041,1.320888,1.581094,1.574937,0.377627,0.95,0.98,0.172514,-0.014262,0.344698,0.311607,0.331665,-0.258819,0.965926,0.089668,69.668082,-0.001506,0.886792,0.093788,-1.434088,-0.016301,65.433453,-0.004341,0.726394,0.091423,-1.902226,0.083326,67.012979,-0.001532,0.770509,0.098091,-0.940636,-0.059542,62.748093,-0.000426,0.664135,0.095437,-1.166131,-0.068041,0.005822,0.0872,0.1064,0.089668,19.240196,35.208231,57.790826,9688.126155,-1.0,-0.003531,0.974928,-0.222521,0.0,0.0,0.0,-0.935199,0.097274,0.081395,0.380877,0.224183,0.432071
35,1787787720,1787787780,SHORT,96.9306,96.81515,0.1191,1,TP,0.0,0.0,0.08881,-0.045823,-0.125707,-0.087482,-0.065935,-0.05851,0.009707,0.164442,-0.045834,-0.442789,-0.948965,-0.082926,-0.070227,-0.064574,-0.021431,0.15233,0.307308,0.295059,-0.212585,-0.054668,-0.054886,-0.04206,0.02222,0.060195,0.171537,0.135356,-0.119566,-0.06841,-0.067752,-0.077696,-0.042017,-1.327607,-1.432734,-0.098681,0.305561,1.006747,0.077148,0.149284,1.0,0.4363,0.336434,-0.666217,0.189688,0.146818,0.0,0.0,0.539486,0.365155,0.593595,0.415903,0.830923,0.999696,0.099015,0.118304,-0.019289,-2.213547,0.102236,0.102298,22.431927,18.352709,21.162132,-2.809423,26.133045,71.428571,0.0,71.428571,84.0,0.0,84.0,-0.416626,-0.068743,0.213385,0.014647,28.136916,1.081268,0.54307,0.538199,14.848938,44.49124,54.819811,56.796483,-1.620425,26.261261,56.947768,-35.111753,0.0,7.983553,-0.0848,-0.0639,-0.0705,0.2183,0.7108,-0.087482,-0.065935,-0.07274,-0.085421,0.431802,0.739349,9.639621,-73.738739,0.039856,-0.036544,0.227686,0.102298,0.08226,0.086068,0.088697,0.088868,-0.075718,0.060121,0.164904,0.04928,0.200527,0.081476,0.269205,0.294725,0.421069,0.023434,0.028814,0.052157,0.948965,-1.455649,-0.0453,-0.046774,0.0297,0.0014,38.874346,1.832461,0.592932,1.000234,0.078885,0.0009,0.000929,0.0,1.0,0.0,0.0,0.0,0.0,0.0,0.0,0.0,-0.046752,0.593595,0.0,2.0,-2.0,0.404139,-0.373835,-0.889789,0.77645,0.021394,-1.504325,0.144522,0.327242,1.213008,1.553019,1.560752,0.442516,0.4,0.76,0.011719,0.07664,0.190424,0.279567,0.188155,-0.258819,0.965926,-0.079921,58.377382,-0.012041,0.58864,0.090362,-1.40603,0.038273,65.239546,-0.005782,0.793663,0.090362,-1.554523,-0.068041,63.3231,-0.005037,0.733581,0.093718,-1.300354,0.089668,69.668082,-0.001506,0.886792,0.093788,-1.434088,-0.045823,-0.013169,-0.0617,0.0862,-0.079921,12.957177,21.727879,47.052689,9690.396972,-1.0,-0.007248,0.974928,-0.222521,0.0,0.0,0.0,-2.25357,-0.07274,0.169025,0.246878,0.170473,0.551992
36,1787787900,1787787960,SHORT,96.7342,96.79311,-0.0609,1,SL,0.0,0.0,0.09818,-0.118071,-0.246362,-0.162727,-0.28823,-0.228555,-0.235349,-0.011892,-0.118141,-0.705364,-1.595524,-0.1472,-0.199077,-0.206601,-0.196548,-0.05069,0.101615,0.145895,-0.363577,-0.127222,-0.161878,-0.166592,-0.133886,-0.105236,-0.005828,-0.032974,-0.277338,-0.173201,-0.097486,-0.130707,-0.072614,-2.083422,-2.404209,-2.643687,-1.416377,0.35004,0.028038,0.128229,1.0,-0.176329,0.29061,-0.948621,0.342526,-0.051344,0.0,1.0,0.159634,0.409172,0.0,0.332293,0.668147,1.001326,0.059488,0.097526,-0.038037,-2.377944,0.061524,0.061459,22.308664,12.317114,30.376463,-18.059348,21.708633,50.0,100.0,-50.0,72.0,0.0,72.0,-1.700825,-0.714988,-0.02677,0.006727,17.646572,0.851918,0.590236,0.261682,10.604991,31.8284,44.131883,48.711559,-3.024938,0.0,22.758037,-45.516073,0.0,8.804137,-0.1576,-0.2795,-0.1566,-0.1133,0.5954,-0.162727,-0.28823,-0.161696,-0.188079,0.001448,0.619586,-11.736234,-100.0,-0.035038,-0.160438,0.093502,0.061459,0.110032,0.101288,0.098825,0.104753,0.083573,0.09239,0.191435,0.089674,0.268101,0.070387,0.314599,0.280408,0.464982,0.032298,0.033069,0.052605,1.595524,0.886681,-0.1175,-0.12152,0.0079,0.0,6.299841,0.0,0.937002,1.000608,0.12969,0.0032,0.003306,0.0,1.0,0.0,0.0,0.0,1.0,0.0,0.0,0.0,-0.121373,0.0,0.0,2.0,-2.0,-1.304311,1.896924,-0.917113,1.537162,-0.138835,-1.472486,0.543469,-0.419781,1.494175,1.567056,1.555239,0.473359,0.05,0.58,-0.159786,0.245807,-0.12055,-0.018821,-0.11997,-0.258819,0.965926,-0.128442,50.691758,-0.026359,0.145429,0.100798,0.28453,0.083842,59.661396,-0.018718,0.673797,0.091618,-0.983087,-0.045823,54.819811,-0.019289,0.4363,0.088868,-1.455649,-0.079921,58.377382,-0.012041,0.58864,0.090362,-1.40603,-0.118071,-0.057683,-0.1427,0.1546,-0.128442,21.499176,9.846181,35.055154,9688.544674,-1.0,-0.011678,0.974928,-0.222521,0.0,0.0,0.0,-2.819388,-0.161696,0.332293,0.0,0.288132,0.68592
37,1787788080,1787788200,SHORT,96.8661,96.74135,0.1288,2,TP,0.0,0.0,0.09596,0.020748,0.169123,0.213048,-0.033839,-0.075796,0.051008,0.113237,0.020746,0.235112,0.230393,0.099461,0.064672,0.040378,0.014662,0.117785,0.269656,0.363494,-0.140152,0.054981,0.050965,0.049238,0.073668,0.097555,0.19065,0.173131,-0.061115,0.062713,0.11183,0.06198,0.074719,0.520815,0.248027,0.22764,0.451496,1.01191,0.022691,0.116896,1.0,0.547883,0.306204,-0.924227,0.13842,0.16774,0.0,0.0,0.665463,0.419321,0.655409,0.345312,0.875647,0.956884,0.046749,0.07242,-0.025671,-1.295797,0.048246,0.048293,21.093034,27.029452,19.790612,7.23884,21.939525,28.571429,92.857143,-64.285714,60.0,4.0,56.0,0.20677,0.066783,0.110195,0.00043,13.06132,0.992202,0.505423,0.48678,81.737701,55.653865,55.958791,56.605493,-1.06641,65.540944,46.516268,103.590297,46.314286,33.143348,0.206,-0.0328,-0.1024,0.0656,0.8117,0.213048,-0.033839,-0.105567,-0.032292,0.201131,0.844763,11.917582,-34.459056,0.079724,0.034224,0.017717,0.048293,0.107613,0.103631,0.101254,0.106949,0.094758,0.088973,0.261181,0.089987,0.289254,0.074165,0.336483,0.257521,0.481628,0.047666,0.041728,0.059856,0.230393,1.200868,0.0016,0.001651,0.0314,0.0125,69.010989,27.472527,0.035165,0.999992,0.046957,0.0185,0.019096,1.0,0.0,1.0,0.0,1.0,0.0,0.0,0.0,1.0,0.001651,0.655409,3.0,0.0,3.0,-0.835487,-0.186658,-1.171851,1.628058,-0.223118,-1.589108,0.512657,-0.336033,1.559581,1.581094,1.59884,0.514064,0.5,0.8,0.050208,0.032689,-0.23635,-0.316942,-0.232045,-0.258819,0.965926,0.148345,54.949404,-0.033204,0.491278,0.11525,2.259089,0.043851,46.878108,-0.041546,0.044479,0.101497,0.505369,-0.118071,44.131883,-0.038037,-0.176329,0.104753,0.886681,-0.128442,50.691758,-0.026359,0.145429,0.100798,0.28453,0.020748,-0.006714,0.1431,0.1992,0.148345,13.635153,5.548038,51.488694,9686.553432,-1.0,0.007533,0.974928,-0.222521,0.0,0.0,0.0,-0.656495,-0.105567,0.118991,0.226321,0.279586,0.642378
38,1787788260,1787788560,SHORT,96.6008,96.66417,-0.0656,5,SL,0.0057,0.0,0.10561,-0.126266,-0.133896,-0.166567,0.002274,-0.20035,-0.271958,-0.201997,-0.126346,-1.275489,-1.50821,-0.114551,-0.07458,-0.091381,-0.139932,-0.08393,0.068677,0.194345,-0.295622,-0.081019,-0.096597,-0.102336,-0.090394,-0.072085,0.011457,0.000904,-0.223411,-0.087078,-0.122348,-0.074413,-0.057109,-1.023381,-1.254491,-1.773014,-1.819758,0.273059,0.006209,0.101942,1.0,0.071192,0.326328,-0.842832,0.303521,0.023265,0.0,1.0,0.270247,0.406495,0.173042,0.345888,0.660282,0.841979,0.029315,0.055326,-0.026011,-1.096389,0.030304,0.030282,18.242108,18.381561,31.678051,-13.296491,19.436168,7.142857,71.428571,-64.285714,48.0,84.0,-36.0,-1.243572,-0.843706,-0.112675,-0.001222,8.332136,0.862069,0.560363,0.301706,8.768834,37.505176,45.947232,49.467729,-1.917245,17.304244,42.408846,-32.904961,7.108925,27.247678,-0.1614,0.0022,-0.1574,-0.1854,0.4015,-0.166567,0.002274,-0.162446,-0.204056,-0.053519,0.416775,-8.105536,-82.695756,0.043204,-0.099796,0.029681,0.030282,0.100701,0.099198,0.098297,0.102545,0.045207,0.063751,0.222225,0.079472,0.295087,0.07903,0.346103,0.243134,0.481032,0.052299,0.042028,0.061771,1.50821,0.759592,-0.1169,-0.120844,0.0261,0.0,18.251748,0.0,0.817483,1.000604,0.147824,-0.0054,-0.005575,0.0,1.0,0.0,0.0,0.0,0.0,0.0,1.0,0.0,-0.120698,0.173042,0.0,3.0,-3.0,-0.542808,-1.011491,-0.864503,0.509238,-0.417256,-1.445499,0.305438,0.083074,1.559581,1.567056,1.544405,0.401807,0.15,0.52,-0.116554,0.192068,0.085318,0.066536,0.085111,-0.258819,0.965926,-0.007639,53.415103,-0.020079,0.422787,0.095458,-0.312025,-0.032715,53.907377,-0.022287,0.436129,0.099065,0.124345,0.020748,55.958791,-0.025671,0.547883,0.106949,1.200868,0.148345,54.949404,-0.033204,0.491278,0.11525,2.259089,-0.126266,0.000494,0.0138,0.0697,-0.007639,21.508609,15.03162,43.520618,9685.304697,-1.0,-0.005932,0.974928,-0.222521,0.0,0.0,0.0,-1.737542,-0.162446,0.286035,0.059853,0.259313,0.606344
39,1787788440,1787788500,SHORT,96.554,96.60916,-0.0571,1,SL,0.0,-0.0035,0.09193,-0.039128,-0.034782,-0.174908,-0.30857,-0.172638,-0.33707,-0.3167,-0.039136,0.336422,-0.264375,-0.110082,-0.190191,-0.182307,-0.266877,-0.261621,-0.126018,0.026942,-0.454936,-0.089755,-0.149794,-0.176934,-0.205163,-0.200946,-0.147737,-0.165305,-0.386933,-0.145694,0.014561,-0.060543,-0.010563,-1.373877,-1.553202,-2.08602,-2.357654,-0.547559,-0.055452,0.057544,-1.0,-0.005833,0.527599,0.239475,0.532096,-0.003086,0.0,1.0,-0.009198,0.402184,0.025781,0.47397,0.452548,0.843454,-0.023275,0.023516,-0.046791,-1.574129,-0.024103,-0.024054,29.836566,12.220191,40.809819,-28.589628,22.684309,0.0,100.0,-100.0,36.0,100.0,-64.0,-1.467763,-1.522072,-0.315545,-0.009828,-3.796123,0.741359,0.618033,0.123326,4.045671,26.158801,37.916861,43.255617,-1.973614,2.843373,3.357331,1.815458,0.0,0.371047,-0.1692,-0.2989,-0.2389,-0.3389,0.2927,-0.174908,-0.30857,-0.246782,-0.29138,-0.376552,0.304027,-24.166278,-97.156627,-0.106852,-0.189352,-0.146883,-0.024054,0.094866,0.097132,0.097287,0.100585,0.013891,0.121997,0.150505,0.126296,0.279851,0.127713,0.366147,0.222526,0.500836,0.053258,0.042408,0.061563,0.264375,0.240307,-0.0233,-0.024128,0.0474,0.0118,57.454545,14.30303,0.282424,1.000121,0.085433,-0.0145,-0.01501,0.0,1.0,0.0,0.0,1.0,0.0,0.0,0.0,0.0,-0.024122,0.025781,0.0,1.0,-1.0,-0.120627,-1.723287,-0.831812,-0.359489,-0.453973,-1.283579,0.778188,0.01198,1.039721,1.599971,1.537965,0.417507,0.05,0.3,-0.174645,0.362494,-0.322203,-0.160794,-0.311498,-0.258819,0.965926,0.004348,39.662161,-0.042924,-0.024202,0.102876,0.617145,-0.140175,39.374243,-0.037524,-0.146906,0.109328,1.564213,-0.126266,45.947232,-0.026011,0.071192,0.102545,0.759592,-0.007639,53.415103,-0.020079,0.422787,0.095458,-0.312025,-0.039128,-0.061772,-0.008,0.0589,0.004348,36.235401,25.460146,34.412409,9678.699274,-1.0,-0.003868,0.974928,-0.222521,0.0,0.0,0.0,-1.85321,-0.246782,0.461751,0.012219,0.349644,0.513431
40,1787788620,1787788740,LONG,96.6821,96.6273,-0.0567,2,SL,0.096,-0.093,0.09133,0.010351,0.06732,0.053641,0.01884,-0.255094,-0.193273,-0.319925,0.01035,0.185734,0.319008,0.029154,-0.025622,-0.074877,-0.166527,-0.201499,-0.08912,0.089726,-0.385851,0.001548,-0.039036,-0.066043,-0.10807,-0.112085,-0.080713,-0.103774,-0.322922,-0.015317,0.076783,0.040763,0.057541,-0.40763,-0.68313,-1.142457,-1.356701,-0.421922,-0.06906,0.027387,-1.0,0.226735,0.609398,0.632752,0.472012,0.138403,0.0,1.0,0.225766,0.386343,0.171885,0.492553,0.447265,0.73795,-0.044565,-0.008175,-0.036391,-0.944784,-0.046125,-0.046073,32.919664,18.91071,29.949237,-11.038528,31.352166,7.142857,85.714286,-78.571429,24.0,92.0,-68.0,-0.535759,-0.869096,-0.25684,-0.015728,-9.946103,0.793476,0.58688,0.206596,72.500928,37.808744,42.336542,45.878056,-1.223674,19.873664,13.799806,32.02138,26.994408,15.360657,0.0518,0.0182,-0.2587,-0.2943,0.2707,0.053641,0.01884,-0.267038,-0.075291,-0.263229,0.28096,-15.326915,-80.126336,-0.017844,-0.129244,-0.223239,-0.046073,0.089579,0.092245,0.093552,0.095472,-0.041301,0.028457,0.079195,0.13546,0.197488,0.147444,0.357848,0.204265,0.500456,0.039188,0.042167,0.053897,0.319008,-0.460003,0.0303,0.03136,0.0533,0.0278,47.845601,24.955117,0.271993,0.999843,0.115298,-0.0203,-0.021013,1.0,0.0,0.0,0.0,0.0,0.0,0.0,0.0,0.0,0.03137,0.171885,2.0,0.0,2.0,0.673935,-1.535853,-0.223632,-1.464974,-0.479294,-1.083666,0.900049,0.223718,1.320888,1.585934,1.518267,0.399962,0.3,0.36,0.002587,0.285451,-0.476171,-0.475358,-0.443172,-0.258819,0.965926,0.056963,41.567926,-0.042553,0.179918,0.092432,-0.849836,-0.013669,37.299606,-0.047819,0.045178,0.095209,-0.522605,-0.039128,37.916861,-0.046791,-0.005833,0.100585,0.240307,0.004348,39.662161,-0.042924,-0.024202,0.102876,0.617145,0.010351,0.003773,0.0516,0.0688,0.056963,59.158472,23.448331,40.470642,9673.266966,-1.0,0.006162,0.974928,-0.222521,0.0,0.0,0.0,-0.894403,-0.267038,0.407891,0.084662,0.139946,0.441761
41,1787788800,1787788860,SHORT,96.6154,96.67168,-0.0583,1,SL,0.0,0.0,0.0938,-0.096877,-0.057508,0.007762,0.075088,0.026604,-0.259296,-0.317432,-0.096924,-1.695491,-0.991164,-0.025721,0.003752,-0.005712,-0.113525,-0.1834,-0.09916,0.098906,-0.362683,-0.027308,-0.038884,-0.054264,-0.087705,-0.093127,-0.07044,-0.093404,-0.307405,-0.009876,-0.069141,-0.00069,-0.016111,0.116438,-0.416348,-0.90784,-1.103287,-0.51033,-0.048839,0.01728,-1.0,0.282505,0.521966,0.078421,0.374934,0.147625,0.0,0.0,0.291027,0.40946,0.20614,0.448324,0.457784,0.737893,-0.037608,-0.02264,-0.014967,0.171027,-0.038921,-0.038884,24.842594,22.625279,26.370418,-3.745139,29.937568,14.285714,64.285714,-50.0,12.0,80.0,-68.0,-0.515302,-0.6391,-0.2584,-0.013389,-8.882963,0.915489,0.529825,0.385664,29.29642,41.351723,43.864571,46.522949,-0.946715,22.780612,35.47619,-2.610544,35.183558,51.418419,0.0075,0.0725,-0.2322,-0.3448,0.3004,0.007762,0.075088,-0.239731,-0.279986,-0.312187,0.311857,-12.270858,-77.219388,0.043712,-0.091688,-0.152678,-0.038884,0.105963,0.100405,0.098847,0.10391,0.039126,0.047811,0.147588,0.061375,0.236024,0.126233,0.356895,0.187937,0.499539,0.036532,0.042954,0.063687,0.991164,0.640501,-0.0805,-0.08331,0.0206,0.0343,15.21418,25.332349,0.594535,1.000417,0.140127,-0.0132,-0.013648,0.0,1.0,0.0,0.0,0.0,0.0,0.0,1.0,0.0,-0.083241,0.20614,0.0,1.0,-1.0,0.682744,-0.617715,0.092267,-1.552701,-0.581384,-0.70164,0.361814,0.114436,1.320888,1.581094,1.560752,0.425916,0.35,0.32,0.010349,0.242221,-0.212308,-0.302148,-0.209174,-0.258819,0.965926,0.039408,49.749065,-0.016376,0.437652,0.098243,-0.086052,0.065308,47.067955,-0.02652,0.352651,0.094466,-0.597935,0.010351,42.336542,-0.036391,0.226735,0.095472,-0.460003,0.056963,41.567926,-0.042553,0.179918,0.092432,-0.849836,-0.096877,0.01503,0.0405,0.119,0.039408,40.52356,27.365079,49.808803,9670.648761,-1.0,0.001409,0.974928,-0.222521,0.0,0.0,0.0,-0.581566,-0.239731,0.355907,0.092418,0.225255,0.513171
42,1787788980,1787789040,LONG,96.6189,96.55884,-0.0622,1,SL,0.0,-0.103,0.1001,-0.097407,-0.001967,-0.013454,-0.070954,0.061624,-0.253152,-0.243574,-0.097454,-0.983026,-0.998483,-0.044653,-0.036912,-0.018586,-0.088894,-0.180943,-0.129685,0.086507,-0.359912,-0.034028,-0.042642,-0.053928,-0.084205,-0.091416,-0.078144,-0.102555,-0.312339,-0.033494,-0.041929,-0.016468,-0.031449,-0.467531,-0.257019,-0.817098,-0.993507,-0.75129,-0.04158,0.006066,-1.0,0.305009,0.455887,-0.319969,0.317119,0.139173,0.0,0.0,0.300101,0.409653,0.185374,0.426027,0.439551,0.737992,-0.036271,-0.029371,-0.0069,0.90149,-0.037542,-0.037508,18.768696,20.968101,18.915101,2.052999,22.902707,0.0,42.857143,-42.857143,0.0,68.0,-68.0,-0.239071,-0.479846,-0.2425,-0.010282,-8.904535,0.796927,0.559342,0.237586,31.93346,42.309683,44.179408,46.399393,-0.77933,21.444632,29.580523,5.172849,42.690597,50.051289,-0.013,-0.0686,0.0085,-0.3171,0.2702,-0.013454,-0.070954,0.008799,-0.127046,-0.330843,0.280455,-11.641184,-78.555368,0.03894,-0.08146,-0.131972,-0.037508,0.104311,0.100285,0.098886,0.1038,0.033231,0.052719,0.189346,0.055424,0.208198,0.11021,0.363043,0.166987,0.513574,0.031414,0.044503,0.062642,0.998483,0.48332,-0.0852,-0.088186,0.0098,0.0254,8.139535,21.096346,0.707641,1.000441,0.12462,-0.009,-0.009306,0.0,1.0,0.0,0.0,0.0,0.0,0.0,0.0,0.0,-0.088109,0.185374,0.0,1.0,-1.0,0.422896,-0.733797,0.583907,-0.956956,-0.54491,-0.42176,0.310066,-0.206504,1.559581,1.505072,1.584655,0.43913,0.3,0.24,0.001164,0.145244,-0.075166,-0.116457,-0.075025,0.0,1.0,0.095533,49.884045,-0.006219,0.484083,0.100499,0.014926,-0.011488,43.21249,-0.013802,0.282993,0.09709,-0.441846,-0.096877,43.864571,-0.014967,0.282505,0.10391,0.640501,0.039408,49.749065,-0.016376,0.437652,0.098243,-0.086052,-0.097407,-0.014166,0.0861,0.1192,0.095533,1.671583,25.277003,40.551567,9666.735573,-1.0,-0.000681,0.433884,-0.900969,0.0,0.0,0.0,-0.390726,0.008799,0.347053,0.078974,0.193399,0.483905
43,1787789160,1787789160,LONG,96.4949,96.4949,0.0,0,HORIZON,0.0526,-0.0634,0.10341,-0.059983,-0.154214,-0.148633,-0.150597,-0.219482,-0.139848,-0.229492,-0.060001,-0.366305,-0.617415,-0.121817,-0.147587,-0.155454,-0.205635,-0.294244,-0.288048,-0.058616,-0.490233,-0.090344,-0.127299,-0.147526,-0.191446,-0.204416,-0.208899,-0.240535,-0.449037,-0.128436,-0.059904,-0.068801,-0.053115,-1.851654,-2.002066,-1.671141,-1.772136,-1.862948,-0.064229,-0.017487,-1.0,0.096249,0.509312,-0.028226,0.46124,0.049122,0.0,1.0,0.054964,0.422204,0.073432,0.513839,0.142812,0.656889,-0.055075,-0.038024,-0.017052,0.380222,-0.057091,-0.056974,20.088312,13.157969,30.45104,-17.293072,18.707891,50.0,100.0,-50.0,0.0,100.0,-100.0,-0.970753,-1.10492,-0.340985,-0.010701,-13.580907,0.857068,0.514718,0.34235,6.199502,28.760227,36.697635,41.01597,-1.371028,10.66198,12.608193,6.769555,0.0,25.181503,-0.1436,-0.1455,-0.1391,-0.2643,0.0384,-0.148633,-0.150597,-0.143982,-0.100759,-0.391845,0.039821,-26.60473,-89.33802,-0.054762,-0.184862,-0.167034,-0.056974,0.109095,0.104031,0.101776,0.107838,0.061638,0.09152,0.182348,0.076541,0.222379,0.123086,0.335587,0.149592,0.519397,0.027607,0.04249,0.068067,0.617415,1.07779,-0.073,-0.075671,0.0207,0.0364,15.910838,27.978478,0.561107,1.000378,0.134861,0.0151,0.015643,0.0,1.0,0.0,0.0,0.0,0.0,0.0,0.0,0.0,-0.075614,0.073432,0.0,2.0,-2.0,-0.700442,0.465614,0.67714,-0.443958,-0.214698,-1.096596,0.516451,-0.304617,1.559581,1.541833,1.584655,0.422962,0.05,0.04,-0.138955,0.263657,-0.224909,-0.129759,-0.221192,0.0,1.0,-0.094288,39.535336,-0.011209,0.163567,0.103618,0.423265,0.005589,44.570729,-0.006353,0.336118,0.103603,0.423561,-0.097407,44.179408,-0.0069,0.305009,0.1038,0.48332,0.095533,49.884045,-0.006219,0.484083,0.100499,0.014926,-0.059983,-0.030111,-0.0819,0.0903,-0.094288,24.977554,23.437084,49.333703,9661.813034,-1.0,-0.005843,0.433884,-0.900969,0.0,0.0,0.0,-1.288848,-0.143982,0.476107,0.037732,0.297407,0.508988
44,1787789340,1787789340,LONG,96.4939,96.4939,0.0,0,HORIZON,0.093,-0.0411,0.08792,0.042712,0.006011,0.031927,-0.122336,-0.118718,-0.112101,-0.409813,0.042703,1.163399,0.926643,0.010509,-0.050143,-0.065014,-0.112474,-0.226822,-0.255295,-0.018389,-0.436541,-0.006949,-0.04128,-0.063882,-0.115972,-0.133727,-0.155228,-0.195616,-0.404497,-0.029161,0.063508,0.022453,0.032316,-0.654435,-0.923222,-1.087194,-1.214632,-1.640972,-0.074722,-0.039301,-1.0,0.224323,0.407991,-0.695878,0.316825,0.091625,0.0,1.0,0.21814,0.395476,0.204421,0.510981,0.164384,0.635436,-0.067534,-0.051368,-0.016167,0.599681,-0.069983,-0.06989,28.091898,11.283713,25.39643,-14.112717,23.054593,28.571429,85.714286,-57.142857,0.0,92.0,-92.0,-0.790813,-0.518428,-0.26356,-0.013448,-17.293039,0.910538,0.536265,0.374273,59.959192,38.483637,40.428351,43.121731,-0.801261,26.88,22.702222,35.235556,28.29213,15.170167,0.0308,-0.1182,-0.2195,-0.3654,-0.0742,0.031927,-0.122336,-0.226943,-0.12244,-0.197638,-0.076832,-19.143297,-73.12,-0.059342,-0.130542,-0.229522,-0.06989,0.089615,0.094448,0.095613,0.097873,-0.036756,0.026926,0.129117,0.083351,0.209075,0.098539,0.297226,0.150516,0.493724,0.030065,0.031974,0.063868,0.926643,-0.616452,0.0043,0.004456,0.0091,0.0578,12.780899,81.179775,0.060393,0.999978,0.073782,0.0369,0.038254,1.0,0.0,1.0,0.0,1.0,0.0,0.0,0.0,1.0,0.004456,0.204421,1.0,0.0,1.0,0.27011,-1.154957,0.648368,0.788728,-0.205352,-1.165773,0.733238,-0.21657,1.559581,1.519109,1.521003,0.511092,0.2,0.08,-0.048445,0.144766,-0.406085,-0.386866,-0.385144,0.0,1.0,-0.036686,36.923611,-0.01933,0.119556,0.101623,0.150582,0.025915,38.742144,-0.017878,0.173891,0.10717,1.219769,-0.059983,36.697635,-0.017052,0.096249,0.107838,1.07779,-0.094288,39.535336,-0.011209,0.163567,0.103618,0.423265,0.042712,-0.024466,-0.025,0.063,-0.036686,40.105975,35.338491,56.347482,9659.740125,-1.0,0.003164,0.433884,-0.900969,0.0,0.0,0.0,-0.289748,-0.226943,0.406526,0.104455,0.217635,0.457821
45,1787789520,1787789640,LONG,96.5569,96.50757,-0.0511,2,SL,0.0277,-0.1032,0.08222,0.023208,0.047568,0.040518,0.046531,-0.081868,-0.186517,-0.203233,0.023206,0.444109,0.48375,0.038901,0.040738,0.016752,-0.038643,-0.14718,-0.205828,0.02165,-0.37407,0.022147,0.0094,-0.005915,-0.051252,-0.069445,-0.099216,-0.144803,-0.352731,0.030755,0.029822,0.046947,0.033982,0.55557,-0.090312,-0.512682,-0.694916,-1.249795,-0.060646,-0.047988,-1.0,0.37845,0.317915,-1.146771,0.197677,0.120362,0.0,0.0,0.371698,0.365478,0.373067,0.388441,0.228147,0.635178,-0.061378,-0.057792,-0.003586,1.510524,-0.063578,-0.063533,27.306388,12.904203,22.087592,-9.183389,27.67817,7.142857,64.285714,-57.142857,4.0,80.0,-76.0,-0.237923,-0.192971,-0.1826,-0.012608,-16.745631,0.857602,0.600613,0.25699,87.502927,47.604468,44.152216,45.337969,-0.108797,37.306667,31.235556,49.448889,56.532298,41.030173,0.0391,0.0449,-0.1679,-0.061,-0.0913,0.040518,0.046531,-0.173616,-0.089727,-0.369461,-0.094483,-11.695568,-62.693333,-0.010918,-0.096518,-0.179837,-0.063533,0.078242,0.085241,0.088606,0.088296,-0.118839,0.029746,0.069985,0.054473,0.163353,0.076758,0.243621,0.159319,0.4806,0.027192,0.02874,0.059102,0.48375,-1.789573,0.0253,0.026207,0.0,0.0603,0.0,70.443925,0.295561,0.999869,0.088668,-0.0029,-0.003005,1.0,0.0,0.0,0.0,0.0,0.0,1.0,0.0,0.0,0.026214,0.373067,2.0,0.0,2.0,0.956984,-0.009467,0.245837,-0.790023,-0.186272,-1.335427,0.655975,0.084602,1.494175,1.541833,1.412318,0.505495,0.4,0.16,0.027528,0.081961,-0.285141,-0.330044,-0.277656,0.0,1.0,0.024354,42.138929,-0.008811,0.294624,0.088259,-2.007787,-0.007047,40.032982,-0.013302,0.205026,0.091117,-1.852492,0.042712,40.428351,-0.016167,0.224323,0.097873,-0.616452,-0.036686,36.923611,-0.01933,0.119556,0.101623,0.150582,0.023208,0.009308,-0.0004,0.0674,0.024354,41.672872,7.426345,50.972451,9657.772268,-1.0,0.005225,0.433884,-0.900969,0.0,0.0,0.0,0.749774,-0.173616,0.243527,0.144914,0.116142,0.36578
46,1787789700,1787789760,SHORT,96.436,96.48566,-0.0515,1,SL,0.0,0.0,0.08277,-0.023931,-0.053544,-0.03584,0.011711,0.010674,-0.209394,-0.064204,-0.023934,-0.981282,-0.392813,-0.025194,-0.007784,-0.001502,-0.067443,-0.146245,-0.229282,-0.019619,-0.390352,-0.017313,-0.024224,-0.034311,-0.071429,-0.088612,-0.122603,-0.17157,-0.37776,-0.01261,-0.040862,-0.001925,-0.016714,-0.192363,-0.297067,-0.838395,-0.897096,-1.331467,-0.047216,-0.051211,-1.0,0.293017,0.325838,-0.977858,0.230518,0.09554,0.0,0.0,0.30301,0.342684,0.2808,0.38858,0.171722,0.635406,-0.052468,-0.055768,0.0033,1.577422,-0.054368,-0.05432,22.405214,14.633124,26.207527,-11.574403,24.547261,7.142857,42.857143,-35.714286,0.0,68.0,-68.0,-0.350155,-0.444603,-0.1849,-0.009265,-15.463576,0.855536,0.623511,0.232025,19.613382,40.537606,41.791155,43.835918,-0.413898,32.865169,40.283249,18.029007,38.62704,52.904827,-0.0346,0.0113,-0.0226,-0.0488,-0.2999,-0.03584,0.011711,-0.023413,-0.112096,-0.239,-0.309798,-16.41769,-67.134831,-0.019919,-0.084819,-0.117021,-0.05432,0.07203,0.078909,0.083225,0.081767,-0.171399,0.01997,0.059875,0.030037,0.107136,0.078666,0.243833,0.166567,0.465347,0.024807,0.0286,0.054227,0.392813,-1.820591,-0.0128,-0.013264,0.0042,0.0479,6.471495,73.805855,0.197227,1.000066,0.06725,-0.0103,-0.01067,0.0,1.0,0.0,0.0,0.0,0.0,0.0,0.0,1.0,-0.013262,0.2808,0.0,2.0,-2.0,0.083751,-0.416805,0.456192,-0.854174,-0.068211,-1.514038,0.583584,0.253341,1.494175,1.522955,1.468299,0.512961,0.3,0.12,0.001166,0.117843,0.009524,-0.088554,0.009524,0.0,1.0,-0.02962,43.525142,0.0033,0.356147,0.083008,-1.930721,0.017713,45.705351,0.001496,0.441851,0.085154,-1.95726,0.023208,44.152216,-0.003586,0.37845,0.088296,-1.789573,0.024354,42.138929,-0.008811,0.294624,0.088259,-2.007787,-0.023931,0.002345,-0.0301,0.0665,-0.02962,8.042705,5.844311,51.001711,9654.552483,1.0,-0.0,0.433884,-0.900969,0.0,0.0,0.0,-0.025793,-0.023413,0.279467,0.109113,0.134157,0.298336
47,1787789880,1787789940,LONG,96.6174,96.56254,-0.0568,1,SL,0.0,-0.1042,0.09143,0.111544,0.141234,0.069426,0.015846,0.081145,0.045997,-0.048438,0.111481,1.537666,1.976645,0.073512,0.059214,0.062894,0.024584,-0.043055,-0.139173,0.041977,-0.302814,0.061121,0.059039,0.051317,0.018266,0.001316,-0.037945,-0.091477,-0.297045,0.063846,0.098534,0.074514,0.058179,1.369539,1.650277,0.209208,0.136521,-0.773494,-0.040749,-0.056201,-1.0,0.574391,0.330466,-0.855167,0.140615,0.18977,0.0,0.0,0.558102,0.37845,0.459467,0.388311,0.280985,0.634965,-0.048262,-0.054616,0.006354,1.494046,-0.049975,-0.049976,22.800828,19.42673,19.73348,-0.30675,23.565537,0.0,21.428571,-21.428571,24.0,56.0,-32.0,0.641113,0.179528,-0.077345,-0.007942,-15.017948,0.888327,0.58305,0.305277,84.796299,58.297949,49.868603,48.551266,1.43552,82.125834,38.892647,168.592209,100.0,47.047351,0.067,0.0153,0.1127,-0.1099,-0.26,0.069426,0.015846,0.116837,0.106043,0.005178,-0.268506,-0.262794,-17.874166,0.071814,-0.047386,-0.112537,-0.049976,0.098386,0.09197,0.091354,0.095235,-0.023165,0.053343,0.157569,0.041136,0.155872,0.079765,0.265194,0.174003,0.473683,0.02462,0.028937,0.053986,1.976645,-0.045015,0.0938,0.097129,0.0254,0.0,21.308725,0.0,0.786913,0.999514,0.123431,0.0138,0.014306,1.0,0.0,0.0,0.0,0.0,0.0,0.0,0.0,0.0,0.097224,0.459467,2.0,0.0,2.0,-0.390383,-0.071802,0.77906,-0.059335,0.101614,-1.52112,0.265094,0.12927,1.320888,1.493886,1.45523,0.451326,0.7,0.32,0.080303,0.043258,-0.042278,-0.050583,-0.042252,0.0,1.0,0.029657,40.069538,-0.000962,0.237465,0.088797,-0.814239,-0.071706,37.031691,-0.000781,0.123936,0.085834,-1.230475,-0.023931,41.791155,0.0033,0.293017,0.081767,-1.820591,-0.02962,43.525142,0.0033,0.356147,0.083008,-1.930721,0.111544,0.003189,0.03,0.1044,0.029657,30.61668,12.046476,51.768022,9650.170328,1.0,0.007316,0.433884,-0.900969,0.0,0.0,0.0,1.9817,0.116837,0.209895,0.178416,0.194066,0.346216
48,1787790060,1787790300,LONG,96.5129,96.62483,0.116,4,TP,0.2202,-0.0506,0.0861,-0.02558,-0.085388,-0.038624,0.102555,-0.022784,0.078168,-0.094798,-0.025583,-0.694201,-0.37372,-0.01537,0.007899,0.003533,-0.001093,-0.063658,-0.157465,-0.007872,-0.323797,-0.011688,-0.004594,-0.005067,-0.023833,-0.036796,-0.071955,-0.124617,-0.326748,-0.002588,-0.057391,-0.009773,-0.028376,0.077874,0.158003,-0.072622,-0.341608,-0.897926,-0.01924,-0.048133,-1.0,0.496004,0.273456,-1.150694,0.137822,0.135637,0.0,0.0,0.442941,0.371405,0.421348,0.331901,0.220157,0.635211,-0.030643,-0.04406,0.013417,1.480798,-0.031742,-0.031731,17.999748,19.380769,23.151836,-3.771067,21.734734,85.714286,0.0,85.714286,12.0,44.0,-32.0,0.167268,-0.008751,-0.05622,-0.003357,-9.703116,1.054909,0.540014,0.514895,32.132136,48.891924,46.834811,46.795817,0.888046,51.00451,66.405564,20.202403,60.442443,77.424008,-0.0373,0.0989,0.0175,-0.0805,-0.3869,-0.038624,0.102555,0.018131,0.03544,-0.087043,-0.399188,-6.330378,-48.99549,0.020356,-0.047544,-0.046651,-0.031731,0.089724,0.089362,0.089734,0.09257,-0.044217,0.056233,0.148492,0.052544,0.173705,0.065996,0.256419,0.169555,0.468735,0.020834,0.024768,0.056439,0.37372,-0.276483,-0.0263,-0.027244,0.0,0.0416,0.0,61.266568,0.387334,1.000136,0.070337,0.0016,0.001657,0.0,1.0,0.0,0.0,0.0,0.0,0.0,0.0,0.0,-0.027237,0.421348,0.0,2.0,-2.0,-0.428368,0.296428,0.893581,0.981917,0.330712,-1.364872,0.499675,-0.314039,1.255482,1.493886,1.537777,0.475079,0.6,0.24,0.041695,0.02885,0.176273,0.168898,0.17447,0.0,1.0,-0.059824,48.702046,0.014818,0.571772,0.095965,0.112937,0.046804,53.32136,0.013989,0.761048,0.094628,-0.089742,0.111544,49.868603,0.006354,0.574391,0.095235,-0.045015,0.029657,40.069538,-0.000962,0.237465,0.088797,-0.814239,-0.02558,0.02052,-0.0466,0.0895,-0.059824,4.12444,8.973359,54.224466,9651.776519,1.0,-0.001401,0.433884,-0.900969,0.0,0.0,0.0,0.783356,0.018131,0.192055,0.139846,0.237073,0.460637
49,1787790240,1787790300,LONG,96.5629,96.66944,0.1103,1,TP,0.1683,-0.0011,0.08195,0.044979,0.020515,-0.002279,-0.087665,0.100274,0.015852,-0.083632,0.044969,1.636513,0.994838,0.007065,-0.002849,0.010588,0.017619,-0.032828,-0.135672,-0.018527,-0.308814,0.008891,0.0063,0.003661,-0.014365,-0.026637,-0.063409,-0.118252,-0.318687,0.004067,0.026485,0.011127,0.006862,0.148159,0.139842,0.25484,-0.194497,-0.793678,-0.020663,-0.049051,-1.0,0.59923,0.177555,-1.836439,0.071146,0.106378,0.0,0.0,0.465799,0.348309,0.521807,0.263641,0.216569,0.635225,-0.029255,-0.037429,0.008174,1.01398,-0.030306,-0.030298,16.181466,23.713351,20.355233,3.358118,17.657833,64.285714,42.857143,21.428571,0.0,32.0,-32.0,0.110762,0.150794,-0.042015,-0.002272,-9.438398,0.989888,0.523423,0.466465,65.75025,50.476977,47.489024,47.135185,0.918086,50.102501,41.465081,67.37734,64.196104,51.080914,-0.0022,-0.0847,0.0044,-0.0862,-0.3734,-0.002279,-0.087665,0.004558,-0.007354,-0.097075,-0.385321,-5.021952,-49.897499,0.045564,-0.034636,-0.03852,-0.030298,0.078123,0.082067,0.08435,0.085014,-0.116536,0.026322,0.085415,0.053165,0.178257,0.042842,0.222205,0.165238,0.46875,0.022901,0.023465,0.055317,0.994838,-0.924007,0.0369,0.038225,0.0433,0.0,53.990025,0.0,0.4601,0.999809,0.083081,0.0065,0.006736,1.0,0.0,0.0,0.0,0.0,0.0,1.0,0.0,0.0,0.03824,0.521807,1.0,0.0,1.0,0.137729,-0.031518,0.343194,0.468047,0.582592,-1.051066,0.48406,-0.06976,0.974315,1.553019,1.488851,0.493889,0.7,0.28,0.041385,0.003548,-0.054772,-0.009872,-0.054717,0.0,1.0,-0.024453,43.395266,0.007517,0.342029,0.084314,-1.108405,-0.02279,45.173519,0.010833,0.436304,0.089211,-0.620928,-0.02558,46.834811,0.013417,0.496004,0.09257,-0.276483,-0.059824,48.702046,0.014818,0.571772,0.095965,0.112937,0.044979,-0.017533,-0.0253,0.0505,-0.024453,0.98832,10.853689,54.258395,9652.385435,1.0,0.000657,0.433884,-0.900969,0.0,0.0,0.0,0.838715,0.004558,0.126071,0.13757,0.147309,0.459415
50,1787790420,1787790540,LONG,96.7888,96.90926,0.1245,2,TP,0.131,-0.033,0.09266,0.101138,0.243054,0.274415,0.294986,0.186509,0.278986,0.339691,0.101087,0.655838,1.514059,0.187484,0.218859,0.217077,0.262595,0.237891,0.151435,0.241169,-0.022424,0.142288,0.190897,0.208298,0.221901,0.218956,0.199576,0.153343,-0.040456,0.192637,0.11371,0.129279,0.080335,2.079659,2.302957,3.126082,2.944718,0.938155,0.030945,-0.022276,1.0,1.261333,0.344915,-0.317109,-0.089902,0.433913,1.0,0.0,1.076725,0.384906,1.0,0.399907,0.648565,0.633487,0.010273,-0.021734,0.032007,2.455017,0.010613,0.010636,25.173481,41.254904,11.469995,29.784909,19.120304,100.0,21.428571,78.571429,100.0,20.0,80.0,2.509134,2.305948,0.23592,0.003154,1.756602,1.101561,0.407946,0.693616,98.334239,79.027061,65.506055,59.657299,3.12592,100.0,84.78502,130.42996,100.0,93.589529,0.2649,0.2847,0.333,0.3027,-0.1157,0.274415,0.294986,0.345204,0.302989,0.190553,-0.119385,31.01211,-0.0,0.204852,0.097252,0.048586,0.010636,0.101952,0.094806,0.092777,0.097942,0.022039,0.128269,0.143858,0.094423,0.214526,0.083249,0.25243,0.156013,0.493395,0.03345,0.028463,0.055826,1.514059,1.346734,0.0911,0.094114,0.0,0.0165,0.0,15.334572,0.846654,0.999529,0.11116,0.0067,0.006929,1.0,0.0,0.0,0.0,0.0,0.0,0.0,0.0,0.0,0.094203,1.0,4.0,0.0,4.0,1.468545,1.796295,1.7883,3.979434,0.726648,-0.65929,0.787036,0.007885,1.082196,1.508918,1.524707,0.513859,1.0,0.78,0.308479,-0.245022,0.185612,0.064699,0.183509,0.0,1.0,0.141773,60.181968,0.020344,1.228924,0.096006,0.79533,0.031285,50.188626,0.010425,0.757854,0.084868,-0.85346,0.044979,47.489024,0.008174,0.59923,0.085014,-0.924007,-0.024453,43.395266,0.007517,0.342029,0.084314,-1.108405,0.101138,0.058944,0.138,0.1636,0.141773,56.517312,34.199525,59.256914,9656.475638,1.0,0.011663,0.433884,-0.900969,0.0,0.0,0.0,2.753389,0.345204,0.0,0.399907,0.345724,0.557877
